,X_coord,Y_coord,Ref_Wind_Speed,ID
0,0.0,0.0,7.32766294,0.0
1,1042.605229973151,495.0,7.3696146,0.0
2,1955.622859102595,151.0,7.30516195,0.0
3,0.0,0.0,7.30057335,1.0
4,287.5943445249627,-231.0,7.40046787,1.0
5,3338.136359175389,423.0,7.45098972,1.0
6,0.0,0.0,7.33319044,2.0
7,133.15463754783377,495.0,7.35395145,2.0
8,2655.547944447033,-116.0,7.16639519,2.0
9,0.0,0.0,7.32573605,3.0
10,451.98402898144656,503.0,7.36060095,3.0
11,3007.343775958816,457.0,6.84889698,3.0
12,0.0,0.0,7.32431698,4.0
13,618.8341567724224,-435.0,7.36216736,4.0
14,2097.268164702009,-553.0,7.17752409,4.0
15,0.0,0.0,7.32649183,5.0
16,2420.588125261885,294.0,7.38386154,5.0
17,1059.7379329078371,17.0,6.07239008,5.0
18,0.0,0.0,7.32636499,6.0
19,878.2443598904974,-392.0,7.3899827,6.0
20,3465.2190048330995,-269.0,7.22809172,6.0
21,0.0,0.0,7.32798147,7.0
22,2599.190788970645,28.0,6.88924026,7.0
23,1179.6396408079104,-281.0,7.36707449,7.0
24,0.0,0.0,7.32007408,8.0
25,751.307159085231,-122.0,7.16640759,8.0
26,2002.185939787544,-386.0,7.36771536,8.0
27,0.0,0.0,7.32353592,9.0
28,652.1834443747642,369.0,7.35471201,9.0
29,3335.219007554191,-107.0,7.17393637,9.0
30,0.0,0.0,7.32433033,10.0
31,3137.9531964424573,-345.0,7.25673532,10.0
32,436.8525441046804,-464.0,7.35991526,10.0
33,0.0,0.0,7.32551193,11.0
34,2082.2361432721045,469.0,7.42234612,11.0
35,973.0543524824956,209.0,7.33626223,11.0
36,0.0,0.0,7.32048368,12.0
37,2336.486924801543,-349.0,7.41080999,12.0
38,635.1773992197782,286.0,7.33716297,12.0
39,0.0,0.0,7.27778149,13.0
40,2438.2763295095856,-550.0,7.4267149,13.0
41,334.699815600332,14.0,4.90979958,13.0
42,0.0,0.0,7.32543612,14.0
43,268.99584662739744,-516.0,7.37801313,14.0
44,1006.7169208255496,-377.0,7.30752182,14.0
45,0.0,0.0,7.33737803,15.0
46,2921.222527679784,-24.0,6.96568537,15.0
47,66.66734810024354,511.0,7.38414717,15.0
48,0.0,0.0,7.32603407,16.0
49,3168.421497230771,490.0,7.35407686,16.0
50,905.3163862037992,312.0,7.34822035,16.0
51,0.0,0.0,7.33695078,17.0
52,2388.976219191384,-37.0,6.7866025,17.0
53,39.21903222809215,-397.0,7.34048939,17.0
54,0.0,0.0,7.32867622,18.0
55,1451.921021586999,-312.0,7.33867645,18.0
56,1827.4257578055224,-268.0,5.8302927,18.0
57,0.0,0.0,7.32939434,19.0
58,1601.7603022128071,191.0,7.35614252,19.0
59,2695.007646967637,111.0,6.56862497,19.0
60,0.0,0.0,7.32935476,20.0
61,2339.114007014013,110.0,7.13994455,20.0
62,1742.0526360742194,-36.0,6.47386646,20.0
63,0.0,0.0,7.31291246,21.0
64,1248.0860175202752,445.0,7.41792536,21.0
65,469.320722309124,274.0,7.37258196,21.0
66,0.0,0.0,7.32871819,22.0
67,1397.8270583435342,-85.0,6.8349719,22.0
68,2740.9901370299303,266.0,7.37997532,22.0
69,0.0,0.0,7.30681944,23.0
70,2637.847137171607,-134.0,7.02209044,23.0
71,306.604587360916,-263.0,7.40123367,23.0
72,0.0,0.0,7.32696629,24.0
73,968.314687781804,-548.0,7.36104774,24.0
74,1424.593453791692,-443.0,7.22434473,24.0
75,0.0,0.0,7.31979752,25.0
76,2317.9026343557985,-48.0,6.80617666,25.0
77,625.1190136561198,-274.0,7.37903786,25.0
78,0.0,0.0,7.31824493,26.0
79,2728.276665037148,401.0,7.40687466,26.0
80,698.601510855648,-30.0,5.74155998,26.0
81,0.0,0.0,7.31465673,27.0
82,3134.04449116082,98.0,7.21130228,27.0
83,520.4517157000196,-235.0,7.39051294,27.0
84,0.0,0.0,7.32980347,28.0
85,2896.3035616295174,340.0,7.35985184,28.0
86,1792.2585505314942,-41.0,6.52383041,28.0
87,0.0,0.0,7.32943249,29.0
88,267.59586902954425,540.0,7.33835411,29.0
89,2892.1804054549707,-72.0,7.07203674,29.0
90,0.0,0.0,7.32067013,30.0
91,1976.2573883341836,325.0,6.46467066,30.0
92,138.15625334745528,332.0,7.31171179,30.0
93,0.0,0.0,7.32942486,31.0
94,1389.0839663449624,480.0,7.3643899,31.0
95,3466.1480285923217,369.0,7.14242458,31.0
96,0.0,0.0,7.32670736,32.0
97,3314.0471341605376,-47.0,7.11734056,32.0
98,951.2803371002788,338.0,7.38426304,32.0
99,0.0,0.0,7.28882408,33.0
100,311.24048307148496,159.0,7.37040663,33.0
101,3634.0483194217168,381.0,7.41473866,33.0
102,0.0,0.0,7.31532955,34.0
103,395.5340007727214,-327.0,7.36052418,34.0
104,1742.8876284159146,-193.0,7.25162983,34.0
105,0.0,0.0,7.32945156,35.0
106,1796.3524740082926,-274.0,7.35850191,35.0
107,2360.07947128356,-132.0,7.16257763,35.0
108,0.0,0.0,7.29795885,36.0
109,472.77831528482056,61.0,6.39741707,36.0
110,1813.52351893734,372.0,7.40038061,36.0
111,0.0,0.0,7.32772112,37.0
112,1057.6721689702229,418.0,7.37205935,37.0
113,2716.212479608038,508.0,7.10931349,37.0
114,0.0,0.0,7.31667948,38.0
115,2145.5506719489936,-297.0,7.40194845,38.0
116,657.6340281070468,-15.0,5.47514963,38.0
117,0.0,0.0,7.32850361,39.0
118,3588.808707188504,-442.0,7.42718649,39.0
119,1347.3780456362597,-48.0,6.42488909,39.0
120,0.0,0.0,7.32765675,40.0
121,1082.9914784824932,379.0,7.40589714,40.0
122,3013.291481676001,531.0,7.33634567,40.0
123,0.0,0.0,7.33237457,41.0
124,3673.764682236053,49.0,7.20641899,41.0
125,231.5366799149492,-599.0,7.38507891,41.0
126,0.0,0.0,7.28663397,42.0
127,1534.4410874593225,69.0,6.76998329,42.0
128,274.64183866876056,-177.0,7.40660429,42.0
129,0.0,0.0,7.32629681,43.0
130,1601.0201426607184,533.0,7.32294655,43.0
131,959.4598991279104,399.0,7.33437204,43.0
132,0.0,0.0,7.32696724,44.0
133,1128.4399958642114,-35.0,6.1532526,44.0
134,2461.479812381885,120.0,7.11591768,44.0
135,0.0,0.0,7.32266474,45.0
136,606.0169413185595,380.0,7.37243795,45.0
137,2080.631562088776,-52.0,6.66176558,45.0
138,0.0,0.0,7.32057238,46.0
139,792.2266089769388,-89.0,6.87732649,46.0
140,1966.9463993676447,271.0,7.3827033,46.0
141,0.0,0.0,7.31261206,47.0
142,274.15466800160084,311.0,7.37811995,47.0
143,2979.165642099125,-317.0,7.40470314,47.0
144,0.0,0.0,7.30361652,48.0
145,463.3316472685452,-148.0,7.33649778,48.0
146,1464.652206279587,140.0,7.25171423,48.0
147,0.0,0.0,7.32321739,49.0
148,2157.7746173101627,560.0,7.38986683,49.0
149,854.5753984494945,148.0,7.28457355,49.0
150,0.0,0.0,7.32594585,50.0
151,1941.484155651653,-1.0,6.5169816,50.0
152,1008.326880940594,-242.0,7.32956028,50.0
153,0.0,0.0,7.32655001,51.0
154,3413.377659252789,233.0,7.41806316,51.0
155,627.2116363533132,524.0,7.39242983,51.0
156,0.0,0.0,7.3263464,52.0
157,1472.8959965482056,551.0,7.41614866,52.0
158,1009.1493312951048,379.0,7.35447216,52.0
159,0.0,0.0,7.32206821,53.0
160,775.8981360640802,-166.0,7.3107419,53.0
161,3521.752243279604,-581.0,7.44408751,53.0
162,0.0,0.0,7.32919121,54.0
163,116.63365899901646,418.0,7.36469793,54.0
164,1272.13683347211,368.0,6.37569666,54.0
165,0.0,0.0,7.32977438,55.0
166,328.4232524194349,583.0,7.36519527,55.0
167,2795.033707610099,-76.0,6.99148178,55.0
168,0.0,0.0,7.28555059,56.0
169,1729.5622996771704,-552.0,7.42162704,56.0
170,296.07487847815133,-158.0,7.36393404,56.0
171,0.0,0.0,7.32980728,57.0
172,1998.4996579522613,563.0,6.40664387,57.0
173,319.9419310733756,590.0,7.41643,57.0
174,0.0,0.0,7.32949162,58.0
175,2225.884388369115,62.0,7.0754981,58.0
176,3139.754591175408,-296.0,7.44029951,58.0
177,0.0,0.0,7.32409143,59.0
178,1784.8463207680002,-99.0,6.90102959,59.0
179,947.7769859934964,112.0,7.18272448,59.0
180,0.0,0.0,7.31817579,60.0
181,280.8341360073064,361.0,7.34762096,60.0
182,2441.473413283073,341.0,6.62040949,60.0
183,0.0,0.0,7.32748318,61.0
184,3130.753390559946,290.0,7.37490368,61.0
185,404.08046630474337,546.0,7.39568186,61.0
186,0.0,0.0,7.32949066,62.0
187,3602.937670010737,-508.0,7.37651587,62.0
188,1515.5222160944986,-335.0,7.38707399,62.0
189,0.0,0.0,7.32519865,63.0
190,2808.1616833001613,404.0,7.37042999,63.0
191,291.82586685758224,-460.0,7.42172909,63.0
192,0.0,0.0,7.31588554,64.0
193,410.1907751593444,319.0,7.34841871,64.0
194,2095.7619659428697,-44.0,6.65199804,64.0
195,0.0,0.0,7.3167882,65.0
196,2829.0610023762083,-7.0,6.64203835,65.0
197,658.750133127869,122.0,7.27429342,65.0
198,0.0,0.0,7.31012297,66.0
199,238.15676881886017,297.0,7.37331533,66.0
200,1807.6613336494504,-113.0,7.08476973,66.0
201,0.0,0.0,7.33520937,67.0
202,174.2726406351594,222.0,7.41890955,67.0
203,1362.910263738725,115.0,6.86467314,67.0
204,0.0,0.0,7.32410097,68.0
205,829.1053338751813,239.0,7.36039019,68.0
206,2806.324192819529,338.0,7.09463358,68.0
207,0.0,0.0,7.33026028,69.0
208,1424.4730030352084,59.0,6.647089,69.0
209,95.3945977477074,-405.0,7.34192991,69.0
210,0.0,0.0,7.31987524,70.0
211,1803.6113073192,-115.0,6.61802292,70.0
212,707.9134503180486,-196.0,7.37256289,70.0
213,0.0,0.0,7.31997681,71.0
214,240.2457095645468,-371.0,7.37254286,71.0
215,2776.9842297462164,-118.0,7.14333153,71.0
216,0.0,0.0,7.32838964,72.0
217,1256.4894330386423,317.0,7.37471676,72.0
218,3609.356681008325,70.0,7.17857981,72.0
219,0.0,0.0,7.3043623,73.0
220,1876.2002842225809,489.0,7.44091177,73.0
221,266.60541750031604,260.0,7.37776184,73.0
222,0.0,0.0,7.32715845,74.0
223,1186.168211738826,-201.0,7.36487627,74.0
224,1765.3012432715905,-153.0,6.07476139,74.0
225,0.0,0.0,7.32889462,75.0
226,1278.21893918649,424.0,7.35185337,75.0
227,2998.227796101657,143.0,7.2851572,75.0
228,0.0,0.0,7.32664442,76.0
229,842.7224245194648,-437.0,7.39454079,76.0
230,2770.472195375592,-397.0,6.69688129,76.0
231,0.0,0.0,7.32799721,77.0
232,3220.529435710586,473.0,7.46449232,77.0
233,406.7330897127745,-558.0,7.35750628,77.0
234,0.0,0.0,7.32752514,78.0
235,1232.9491186828582,-360.0,7.400805,78.0
236,363.5180033184588,-592.0,7.3428483,78.0
237,0.0,0.0,7.32854462,79.0
238,1401.8267208592954,54.0,6.64867115,79.0
239,2761.9785837853365,296.0,7.39449167,79.0
240,0.0,0.0,7.32568169,80.0
241,1434.0482348389746,39.0,4.95006943,80.0
242,1134.3596429459117,83.0,6.81008863,80.0
243,0.0,0.0,7.27535439,81.0
244,272.14867545150446,-135.0,7.38173819,81.0
245,3220.603353017908,466.0,7.48849821,81.0
246,0.0,0.0,7.32836723,82.0
247,1719.6419071676828,-563.0,7.28605747,82.0
248,1357.9530275598402,-461.0,7.34039307,82.0
249,0.0,0.0,7.33385038,83.0
250,132.35982052103142,525.0,7.3881917,83.0
251,2143.237046143715,6.0,6.63271999,83.0
252,0.0,0.0,7.32709551,84.0
253,2896.671688689991,-253.0,7.01746893,84.0
254,1032.7341223384265,-331.0,7.34600401,84.0
255,0.0,0.0,7.33558464,85.0
256,3298.2949298798108,518.0,7.10420799,85.0
257,125.47880828784582,591.0,7.34741974,85.0
258,0.0,0.0,7.33069706,86.0
259,120.16736837208644,-445.0,7.35755348,86.0
260,1477.9359919679764,81.0,6.92159843,86.0
261,0.0,0.0,7.32842255,87.0
262,2217.261282928441,-322.0,7.09013414,87.0
263,1221.1608024987318,-419.0,7.38267517,87.0
264,0.0,0.0,7.33018303,88.0
265,3408.274429133105,49.0,7.11883974,88.0
266,2415.356431644944,355.0,7.40453196,88.0
267,0.0,0.0,7.32898092,89.0
268,1405.7524591591214,-588.0,7.30297947,89.0
269,1749.7732379592646,-563.0,5.17052031,89.0
270,0.0,0.0,7.32239008,90.0
271,2840.578604962025,429.0,7.41355085,90.0
272,275.7412026083466,-407.0,7.36312103,90.0
273,0.0,0.0,7.32912397,91.0
274,341.53661550363086,577.0,7.36456156,91.0
275,2205.889201119705,444.0,7.23420525,91.0
276,0.0,0.0,7.31959438,92.0
277,766.6832083511549,-93.0,6.90746021,92.0
278,1784.5699819807694,135.0,7.1947875,92.0
279,0.0,0.0,7.33600044,93.0
280,1719.486076302178,43.0,6.63017416,93.0
281,97.85477831366006,579.0,7.35868502,93.0
282,0.0,0.0,7.31470728,94.0
283,329.10669155974387,336.0,7.39611149,94.0
284,1596.043017994533,-158.0,7.29750967,94.0
285,0.0,0.0,7.32399845,95.0
286,1343.0094650516514,277.0,5.60886717,95.0
287,933.2101894367688,242.0,7.28523588,95.0
288,0.0,0.0,7.32517242,96.0
289,179.15274638170376,-399.0,7.39934969,96.0
290,2763.6572021200427,21.0,6.9314599,96.0
291,0.0,0.0,7.33036089,97.0
292,3232.926225845257,269.0,7.40847731,97.0
293,2545.179851184791,456.0,7.41562033,97.0
294,0.0,0.0,7.33889008,98.0
295,28.753101180257545,434.0,7.36263275,98.0
296,3035.6487138124653,-201.0,7.35859156,98.0
297,0.0,0.0,7.32813883,99.0
298,3617.323528470009,-247.0,7.41080379,99.0
299,234.08389273088832,478.0,7.34592628,99.0
300,0.0,0.0,7.31604195,100.0
301,670.6616935710117,-97.0,6.94915676,100.0
302,1690.3926053732605,255.0,7.40927505,100.0
303,0.0,0.0,7.32420301,101.0
304,2380.091837873508,93.0,7.11243057,101.0
305,763.5710944410234,-346.0,7.3761425,101.0
306,0.0,0.0,7.33000755,102.0
307,3264.9386702479837,381.0,6.29368401,102.0
308,2034.8906158835505,420.0,7.40852928,102.0
309,0.0,0.0,7.32848978,103.0
310,2418.7755709996645,14.0,5.89309692,103.0
311,1370.7007862913604,6.0,6.22670746,103.0
312,0.0,0.0,7.31737661,104.0
313,711.2267016817241,40.0,6.07161665,104.0
314,1561.4589795411698,174.0,7.25438976,104.0
315,0.0,0.0,7.33027983,105.0
316,3869.062394550612,-565.0,7.45928907,105.0
317,2211.028345148011,-219.0,7.37629938,105.0
318,0.0,0.0,7.32843018,106.0
319,3178.464246046455,189.0,7.36643171,106.0
320,983.6027980056242,547.0,7.40619802,106.0
321,0.0,0.0,7.32522821,107.0
322,2890.358866955069,120.0,7.26661539,107.0
323,579.9129891994762,471.0,7.38447762,107.0
324,0.0,0.0,7.26591492,108.0
325,291.588724545938,10.0,4.75134897,108.0
326,3464.4148680084727,-246.0,7.3414278,108.0
327,0.0,0.0,7.33002758,109.0
328,3355.287290734169,-548.0,7.45386696,109.0
329,1994.9103383362133,-111.0,7.08026075,109.0
330,0.0,0.0,7.32786846,110.0
331,1074.0114967197785,-429.0,7.35695553,110.0
332,3018.331020904721,236.0,7.37727785,110.0
333,0.0,0.0,7.32687378,111.0
334,1116.083852733539,148.0,7.30514956,111.0
335,2834.6810172076985,-466.0,7.40280437,111.0
336,0.0,0.0,7.31990099,112.0
337,1381.940228522973,-321.0,6.74199247,112.0
338,469.45404556720496,-396.0,7.38395929,112.0
339,0.0,0.0,7.32892561,113.0
340,1299.43050573785,-590.0,7.36319828,113.0
341,1931.2718412605916,-378.0,7.38536596,113.0
342,0.0,0.0,7.29579353,114.0
343,386.9023965039023,160.0,7.36823463,114.0
344,1215.8436266481551,109.0,6.07659292,114.0
345,0.0,0.0,7.30702829,115.0
346,438.56847653216255,-193.0,7.34290934,115.0
347,3096.617210912016,262.0,7.43817139,115.0
348,0.0,0.0,7.32681513,116.0
349,2337.017853348104,230.0,7.39581347,116.0
350,830.9626416535498,487.0,7.37704134,116.0
351,0.0,0.0,7.32686424,117.0
352,2226.39871852133,337.0,7.42688227,117.0
353,203.57529841877889,-444.0,7.39671612,117.0
354,0.0,0.0,7.30532885,118.0
355,1481.4378080765173,-288.0,7.37348652,118.0
356,502.6290749912528,-4.0,5.13134241,118.0
357,0.0,0.0,7.32490301,119.0
358,2362.045144913437,-170.0,6.21671152,119.0
359,927.860999931944,-156.0,7.29381275,119.0
360,0.0,0.0,7.36608219,120.0
361,1560.880096846336,-47.0,6.25379753,120.0
362,918.6150944400874,77.0,6.76901054,120.0
363,0.0,0.0,7.27799416,121.0
364,379.610941432215,-76.0,6.70242262,121.0
365,1064.3669458890936,-196.0,7.28418636,121.0
366,0.0,0.0,7.32623434,122.0
367,2407.9014923762948,149.0,7.08157063,122.0
368,1076.3096368882002,52.0,6.47143221,122.0
369,0.0,0.0,7.30087996,123.0
370,507.4797058368417,-68.0,6.4960556,123.0
371,1339.602541401604,194.0,7.35874987,123.0
372,0.0,0.0,7.32256603,124.0
373,391.4079614273879,-424.0,7.34404659,124.0
374,3953.911156912119,325.0,7.4148078,124.0
375,0.0,0.0,7.32565737,125.0
376,1675.4474032855246,38.0,6.49063969,125.0
377,1081.7043710725366,-109.0,7.03926754,125.0
378,0.0,0.0,7.32981062,126.0
379,3224.320566561888,103.0,7.26319981,126.0
380,254.04951867894303,537.0,7.39037275,126.0
381,0.0,0.0,7.2772851,127.0
382,334.96303341551084,-19.0,4.93771601,127.0
383,2605.740908374256,-313.0,7.36997318,127.0
384,0.0,0.0,7.32059956,128.0
385,2656.679772585868,-4.0,6.85645676,128.0
386,250.1716073173416,-380.0,7.38766861,128.0
387,0.0,0.0,7.28614187,129.0
388,2011.9782465314647,-303.0,7.39293671,129.0
389,272.34638472588085,173.0,7.3901248,129.0
390,0.0,0.0,7.30901241,130.0
391,2617.5161796228617,-513.0,7.40794992,130.0
392,540.3058124025401,-20.0,5.33350515,130.0
393,0.0,0.0,7.30747318,131.0
394,524.6575091011314,18.0,5.36256599,131.0
395,2042.294443501484,-426.0,7.40931416,131.0
396,0.0,0.0,7.31738424,132.0
397,390.43620879072296,-350.0,7.3761282,132.0
398,1971.222764798319,-349.0,6.35024691,132.0
399,0.0,0.0,7.33006239,133.0
400,2854.664559976076,-125.0,6.70713043,133.0
401,2136.571946340903,-207.0,7.37282896,133.0
402,0.0,0.0,7.31179667,134.0
403,1933.26781146688,-27.0,6.53265762,134.0
404,447.1041600220892,254.0,7.38675928,134.0
405,0.0,0.0,7.32705975,135.0
406,3171.064070285585,-480.0,7.43345165,135.0
407,1114.0902709058646,-14.0,6.02745581,135.0
408,0.0,0.0,7.32776213,136.0
409,1287.0054870973322,-123.0,7.17313957,136.0
410,2107.1027819003184,-377.0,7.37457466,136.0
411,0.0,0.0,7.32371998,137.0
412,1532.0282760241016,-97.0,6.94685602,137.0
413,108.24491439410669,338.0,7.33738327,137.0
414,0.0,0.0,7.32609081,138.0
415,2212.5021179366386,-186.0,7.33237028,138.0
416,350.213100459624,-503.0,7.34343815,138.0
417,0.0,0.0,7.32224274,139.0
418,290.1347680643776,412.0,7.34331179,139.0
419,2506.3915466634407,97.0,7.11020803,139.0
420,0.0,0.0,7.3258667,140.0
421,1021.3865945740208,-77.0,6.64474297,140.0
422,3051.4045250086883,-236.0,7.34901953,140.0
423,0.0,0.0,7.30518007,141.0
424,2896.499469399175,591.0,7.40241766,141.0
425,520.6460047720811,-63.0,6.30793571,141.0
426,0.0,0.0,7.32752991,142.0
427,1625.1430652605356,-551.0,5.70007229,142.0
428,902.7523098336763,-568.0,7.38672113,142.0
429,0.0,0.0,7.32487154,143.0
430,616.7863731425646,-531.0,7.34497595,143.0
431,1286.5742225990896,-341.0,7.36947012,143.0
432,0.0,0.0,7.33431816,144.0
433,2635.263312345201,247.0,7.43144274,144.0
434,143.487398101081,-573.0,7.38332129,144.0
435,0.0,0.0,7.33278275,145.0
436,2460.390304785616,-228.0,7.31194544,145.0
437,78.77911996596913,-392.0,7.3510704,145.0
438,0.0,0.0,7.32037783,146.0
439,407.4768838314935,-389.0,7.38432789,146.0
440,2047.135214825952,-32.0,6.60903168,146.0
441,0.0,0.0,7.33365583,147.0
442,2158.175033455981,325.0,7.37871647,147.0
443,155.23664869538334,572.0,7.33232832,147.0
444,0.0,0.0,7.31787872,148.0
445,2127.561955194228,-545.0,7.35329056,148.0
446,697.0612994517322,-46.0,6.00563192,148.0
447,0.0,0.0,7.32989216,149.0
448,2316.6586616594395,-97.0,7.02032232,149.0
449,2710.068125002085,-197.0,7.20501995,149.0
450,0.0,0.0,7.32361317,150.0
451,857.9355575541878,-194.0,7.36992693,150.0
452,2062.405809403503,-198.0,6.06172228,150.0
453,0.0,0.0,7.32630348,151.0
454,1043.6534901777875,18.0,6.08601046,151.0
455,3509.0724552603124,-311.0,7.4386034,151.0
456,0.0,0.0,7.33139372,152.0
457,1487.3321126957114,549.0,6.25334406,152.0
458,228.91153541418,582.0,7.35936832,152.0
459,0.0,0.0,7.32097626,153.0
460,3612.831668581179,-278.0,7.14239073,153.0
461,508.8527310749137,-367.0,7.38572836,153.0
462,0.0,0.0,7.31320763,154.0
463,583.1696515378021,131.0,7.29824877,154.0
464,2280.400485914138,183.0,6.75292873,154.0
465,0.0,0.0,7.30392742,155.0
466,1043.2050580915843,-189.0,6.96635962,155.0
467,228.82502953080711,-279.0,7.3691082,155.0
468,0.0,0.0,7.32738972,156.0
469,749.4655622945153,-561.0,7.34460688,156.0
470,2055.345162901313,-443.0,7.21042395,156.0
471,0.0,0.0,7.31426144,157.0
472,521.3997153525938,-185.0,7.1032548,157.0
473,27.29486709963703,-278.0,7.35671711,157.0
474,0.0,0.0,7.32876682,158.0
475,1337.743224501205,250.0,7.38880873,158.0
476,3225.6037737891866,-303.0,7.43831921,158.0
477,0.0,0.0,7.33829165,159.0
478,26.67568889619861,-398.0,7.35823727,159.0
479,1818.9901739474813,-420.0,6.48371077,159.0
480,0.0,0.0,7.32780838,160.0
481,1135.9540545399343,-342.0,7.35695314,160.0
482,2770.422876511652,16.0,6.95636272,160.0
483,0.0,0.0,7.31910324,161.0
484,730.3924080916522,-42.0,5.98483753,161.0
485,2418.3276775904887,585.0,7.39090014,161.0
486,0.0,0.0,7.31639624,162.0
487,609.1930409968693,-189.0,7.33439827,162.0
488,2137.4793806820544,-346.0,7.30002832,162.0
489,0.0,0.0,7.31388235,163.0
490,152.28579737356588,-307.0,7.37196255,163.0
491,1103.6954523077798,-306.0,5.91074371,163.0
492,0.0,0.0,7.31262493,164.0
493,581.8954984802083,131.0,7.31890106,164.0
494,2008.204130097454,-209.0,7.34313822,164.0
495,0.0,0.0,7.28386497,165.0
496,1962.250405224752,-101.0,6.6369648,165.0
497,226.65084948978935,-182.0,7.37704372,165.0
498,0.0,0.0,7.32762861,166.0
499,845.4333866778153,-565.0,7.35730457,166.0
500,2258.833460394967,-450.0,7.16096973,166.0
501,0.0,0.0,7.32829428,167.0
502,1982.3186969200024,490.0,7.15483952,167.0
503,1237.5650168013417,392.0,7.35934401,167.0
504,0.0,0.0,7.32348728,168.0
505,523.5134287948877,439.0,7.37598801,168.0
506,2205.1684670326927,-181.0,7.32781792,168.0
507,0.0,0.0,7.28989792,169.0
508,321.56320100267163,164.0,7.39542627,169.0
509,1474.406860211438,512.0,7.40624332,169.0
510,0.0,0.0,7.33846569,170.0
511,1604.0285013863368,239.0,7.37984467,170.0
512,32.988124672840506,479.0,7.37936354,170.0
513,0.0,0.0,7.32135105,171.0
514,3183.062775156101,-535.0,7.32879829,171.0
515,498.580804835869,-385.0,7.35132742,171.0
516,0.0,0.0,7.32567549,172.0
517,872.8353150277403,-344.0,7.39366913,172.0
518,2746.927309696649,132.0,7.25384378,172.0
519,0.0,0.0,7.30192041,173.0
520,662.1037681000272,-170.0,7.34871435,173.0
521,264.91933532317944,-317.0,7.35157824,173.0
522,0.0,0.0,7.31853247,174.0
523,2044.480999787702,-184.0,7.34473753,174.0
524,653.1839663030278,201.0,7.37103271,174.0
525,0.0,0.0,7.30489111,175.0
526,2520.158677858719,572.0,7.4072032,175.0
527,488.2416951929354,-8.0,5.12647915,175.0
528,0.0,0.0,7.27521992,176.0
529,2206.46360141494,426.0,7.38375854,176.0
530,327.8342190117105,-22.0,4.95218277,176.0
531,0.0,0.0,7.32725286,177.0
532,1091.029752199148,434.0,7.33888245,177.0
533,1689.9111083009986,300.0,7.33656216,177.0
534,0.0,0.0,7.32485485,178.0
535,1488.3018128524564,295.0,7.34883261,178.0
536,1014.986286535664,141.0,7.28064632,178.0
537,0.0,0.0,7.32970524,179.0
538,1784.1697741994549,-402.0,7.42035961,179.0
539,3194.0512619220312,-524.0,7.22844315,179.0
540,0.0,0.0,7.33668327,180.0
541,1758.3593491546835,-509.0,6.97581339,180.0
542,83.37702666664381,-596.0,7.37218618,180.0
543,0.0,0.0,7.2823,181.0
544,2197.442692455548,426.0,7.39407492,181.0
545,308.96479870744685,134.0,7.344491,181.0
546,0.0,0.0,7.32621145,182.0
547,2887.9071469658006,376.0,7.42869711,182.0
548,1001.5834134578288,-203.0,7.35268307,182.0
549,0.0,0.0,7.3259058,183.0
550,3043.7575947220416,150.0,7.32944012,183.0
551,499.7649673931951,-511.0,7.39567471,183.0
552,0.0,0.0,7.32933903,184.0
553,3435.647228065469,79.0,7.20314455,184.0
554,1462.0498394706583,307.0,7.35191345,184.0
555,0.0,0.0,7.32381773,185.0
556,1750.5875622066994,-408.0,7.4495821,185.0
557,934.9225997579985,-106.0,7.08774328,185.0
558,0.0,0.0,7.31809092,186.0
559,1098.292787734113,-283.0,5.07943153,186.0
560,624.5579394665319,-283.0,7.33232355,186.0
561,0.0,0.0,7.31278038,187.0
562,450.59461569031146,263.0,7.37427616,187.0
563,1792.086837773419,467.0,7.35209131,187.0
564,0.0,0.0,7.32722521,188.0
565,2006.469999734269,182.0,7.3538208,188.0
566,200.36276986246776,-448.0,7.34626961,188.0
567,0.0,0.0,7.29503012,189.0
568,1598.285807795312,-17.0,6.36565685,189.0
569,282.3107307938008,209.0,7.40816307,189.0
570,0.0,0.0,7.32822037,190.0
571,1387.8624617971527,-160.0,7.28970671,190.0
572,2071.726131728856,-280.0,7.25536251,190.0
573,0.0,0.0,7.26976061,191.0
574,601.4674426393218,120.0,6.44703627,191.0
575,231.8502344701284,190.0,7.39663839,191.0
576,0.0,0.0,7.30835915,192.0
577,878.7258632657989,317.0,5.68881321,192.0
578,419.0794640188883,282.0,7.36601257,192.0
579,0.0,0.0,7.32724714,193.0
580,184.24524700857728,424.0,7.37619162,193.0
581,3425.517606215121,-420.0,7.42546463,193.0
582,0.0,0.0,7.32838726,194.0
583,2173.0779750533165,-23.0,6.62781239,194.0
584,1344.6258481265877,281.0,7.36467648,194.0
585,0.0,0.0,7.32864237,195.0
586,1121.1054117170934,538.0,7.36610794,195.0
587,3121.966166594935,552.0,6.60408354,195.0
588,0.0,0.0,7.32690525,196.0
589,492.3052202390972,545.0,7.39686108,196.0
590,3096.870658504711,139.0,7.34193134,196.0
591,0.0,0.0,7.32894468,197.0
592,3804.971575369369,22.0,7.06522274,197.0
593,1388.9108020762924,177.0,7.3162756,197.0
594,0.0,0.0,7.32989645,198.0
595,2006.495383582822,-23.0,6.5538516,198.0
596,2739.1695530289653,-3.0,5.65767097,198.0
597,0.0,0.0,7.30891085,199.0
598,536.3441145270262,108.0,7.21022797,199.0
599,3478.6907955188813,577.0,7.44504309,199.0
600,0.0,0.0,7.33870745,200.0
601,1526.144899756507,-144.0,7.24348879,200.0
602,25.74757786975761,-522.0,7.32619858,200.0
603,0.0,0.0,7.29755259,201.0
604,2349.938457805871,-477.0,7.42031145,201.0
605,466.2457827788248,48.0,6.0630827,201.0
606,0.0,0.0,7.32441854,202.0
607,2744.436562509609,-482.0,7.36843777,202.0
608,918.6807909254172,137.0,7.27124643,202.0
609,0.0,0.0,7.32364988,203.0
610,605.883285903959,410.0,7.36954737,203.0
611,3144.3588130830767,-579.0,7.4201827,203.0
612,0.0,0.0,7.32097197,204.0
613,652.3139904093455,284.0,7.34818459,204.0
614,2801.5529600379164,64.0,7.0440979,204.0
615,0.0,0.0,7.31772852,205.0
616,1513.06884,-28.0,6.31417847,205.0
617,619.071458,243.0,7.35590267,205.0
618,0.0,0.0,7.31282473,206.0
619,1619.4243517546738,19.0,6.38059235,206.0
620,467.3862684318534,-262.0,7.37273073,206.0
621,0.0,0.0,7.32156134,207.0
622,726.2093785444839,-233.0,7.3681879,207.0
623,2796.2409988912905,-582.0,7.43276215,207.0
624,0.0,0.0,7.32704258,208.0
625,1158.2700320841584,189.0,7.31166887,208.0
626,1964.8217346564136,223.0,6.08249664,208.0
627,0.0,0.0,7.33291912,209.0
628,70.90630740311508,-398.0,7.33659363,209.0
629,1788.003164084148,111.0,7.20080805,209.0
630,0.0,0.0,7.32846975,210.0
631,1823.4752508838128,-464.0,5.94465017,210.0
632,1203.18418337631,-501.0,7.31159067,210.0
633,0.0,0.0,7.32455111,211.0
634,887.5806005580403,-93.0,6.96101665,211.0
635,93.9755704631184,-390.0,7.35497379,211.0
636,0.0,0.0,7.32796621,212.0
637,200.1757637629803,489.0,7.33811808,212.0
638,1356.8160315469272,222.0,7.41242123,212.0
639,0.0,0.0,7.32779455,213.0
640,305.6192854981073,546.0,7.35615444,213.0
641,1499.4449627056656,300.0,7.32328892,213.0
642,0.0,0.0,7.32682085,214.0
643,2484.0756742584617,-252.0,7.37766409,214.0
644,991.2553624029348,321.0,7.31698036,214.0
645,0.0,0.0,7.31210375,215.0
646,624.4034471463046,88.0,6.93927908,215.0
647,1365.3874747420614,-44.0,6.17928028,215.0
648,0.0,0.0,7.32853365,216.0
649,1098.890237964216,539.0,7.37415075,216.0
650,3021.2238727937315,193.0,7.37669659,216.0
651,0.0,0.0,7.32572746,217.0
652,314.03012507982515,-478.0,7.38658142,217.0
653,2105.022931745938,-390.0,6.96393108,217.0
654,0.0,0.0,7.33196545,218.0
655,2704.7598954864197,120.0,7.25989056,218.0
656,201.91067834522252,-564.0,7.31001377,218.0
657,0.0,0.0,7.3192296,219.0
658,2358.8695531253547,500.0,7.40752411,219.0
659,106.76095835990508,-297.0,7.3623023,219.0
660,0.0,0.0,7.32847691,220.0
661,1364.2432909470426,62.0,6.69938087,220.0
662,3374.267091397701,279.0,7.43964577,220.0
663,0.0,0.0,7.32484484,221.0
664,1077.3472131448343,-71.0,6.57849312,221.0
665,1484.9443891749331,-156.0,6.89456463,221.0
666,0.0,0.0,7.33011961,222.0
667,2239.9271363525404,-38.0,6.76721287,222.0
668,3416.1660512329217,104.0,7.17435551,222.0
669,0.0,0.0,7.31768942,223.0
670,311.1721274504476,359.0,7.35723114,223.0
671,2048.21634897588,-174.0,7.33867598,223.0
672,0.0,0.0,7.33280277,224.0
673,165.5565377471571,-547.0,7.3712101,224.0
674,2058.7627742967816,-82.0,6.90867901,224.0
675,0.0,0.0,7.33096409,225.0
676,197.49244483727443,-549.0,7.37122393,225.0
677,1566.8870916520273,-282.0,7.32191849,225.0
678,0.0,0.0,7.29183245,226.0
679,2584.6474738646075,196.0,7.06547976,226.0
680,378.7519724242975,120.0,7.31657648,226.0
681,0.0,0.0,7.33005524,227.0
682,2337.494059693086,-55.0,6.89439487,227.0
683,277.4099408766156,569.0,7.35080433,227.0
684,0.0,0.0,7.30285406,228.0
685,466.6613823718208,4.0,5.07791805,228.0
686,3359.4206530836987,168.0,7.28061628,228.0
687,0.0,0.0,7.32315588,229.0
688,2554.9145266665187,-53.0,6.40563917,229.0
689,867.1507048611297,-112.0,7.1493516,229.0
690,0.0,0.0,7.32614326,230.0
691,431.09597595507967,521.0,7.35227633,230.0
692,1874.3744590208769,22.0,6.61101723,230.0
693,0.0,0.0,7.31963253,231.0
694,637.5505308118368,247.0,7.35259342,231.0
695,3219.4285785843763,-167.0,7.28842974,231.0
696,0.0,0.0,7.25911474,232.0
697,307.84526919542265,68.0,6.57941389,232.0
698,2741.5769438478533,112.0,6.89272118,232.0
699,0.0,0.0,7.32856417,233.0
700,1919.8640062717664,-254.0,7.36242199,233.0
701,1406.8079364735474,-418.0,7.37041807,233.0
702,0.0,0.0,7.31852007,234.0
703,723.2404807073253,48.0,6.21648598,234.0
704,2071.190256996412,-1.0,5.88190317,234.0
705,0.0,0.0,7.31564903,235.0
706,1218.4124888486845,103.0,7.10108852,235.0
707,546.9865836789663,288.0,7.32778406,235.0
708,0.0,0.0,7.31795645,236.0
709,627.4695362239589,-208.0,7.40755129,236.0
710,3633.0625283837207,360.0,7.48841047,236.0
711,0.0,0.0,7.31104231,237.0
712,588.0319093113268,-88.0,6.91917324,237.0
713,2903.0632520904574,320.0,7.42341757,237.0
714,0.0,0.0,7.32805395,238.0
715,1159.575560972487,-413.0,7.39152527,238.0
716,2075.702198458578,-143.0,7.2400713,238.0
717,0.0,0.0,7.32554388,239.0
718,1897.5732361992264,-129.0,7.17562199,239.0
719,3382.073718958114,255.0,7.38237238,239.0
720,0.0,0.0,7.32671499,240.0
721,926.5824685478892,397.0,7.37296772,240.0
722,2224.382592681723,156.0,7.31970024,240.0
723,0.0,0.0,7.33257055,241.0
724,178.1816967115315,-549.0,7.35542345,241.0
725,3502.962034614924,-350.0,7.37889051,241.0
726,0.0,0.0,7.31937885,242.0
727,2205.1747028511763,204.0,7.23739481,242.0
728,212.09455745762853,357.0,7.36871481,242.0
729,0.0,0.0,7.32103682,243.0
730,777.9736002272432,38.0,6.08384705,243.0
731,2883.8831784204685,127.0,7.12955713,243.0
732,0.0,0.0,7.30433989,244.0
733,1066.940401935532,-331.0,7.3586235,244.0
734,484.25163203129983,-155.0,7.34088182,244.0
735,0.0,0.0,7.32540512,245.0
736,2347.0147166477955,501.0,6.47847223,245.0
737,603.4752950856508,484.0,7.35014248,245.0
738,0.0,0.0,7.32948446,246.0
739,2489.9618176734,540.0,6.90338659,246.0
740,1692.7627844342433,458.0,7.35447502,246.0
741,0.0,0.0,7.28293705,247.0
742,279.754480344518,-156.0,7.39003801,247.0
743,2905.187965996006,310.0,7.43542624,247.0
744,0.0,0.0,7.32937002,248.0
745,1546.8485909796482,-87.0,6.85280514,248.0
746,3379.866335586361,46.0,7.05636549,248.0
747,0.0,0.0,7.31990242,249.0
748,1592.5365283701751,-7.0,6.33722639,249.0
749,735.915611960851,176.0,7.35961056,249.0
750,0.0,0.0,7.33286238,250.0
751,92.74913840479758,-532.0,7.36883354,250.0
752,1019.014351211284,-334.0,7.38087559,250.0
753,0.0,0.0,7.32045364,251.0
754,715.5059991598633,225.0,7.38579845,251.0
755,1655.913948926442,441.0,7.3830862,251.0
756,0.0,0.0,7.32106209,252.0
757,3368.348646696298,322.0,7.4522047,252.0
758,403.5169201121676,-395.0,7.37763166,252.0
759,0.0,0.0,7.32876635,253.0
760,1246.467078377318,-504.0,7.35517693,253.0
761,2236.3904217757654,-258.0,7.35572386,253.0
762,0.0,0.0,7.32912922,254.0
763,1260.552338512186,486.0,7.3961792,254.0
764,3730.538802022867,-431.0,7.47055483,254.0
765,0.0,0.0,7.25667524,255.0
766,297.0160682574052,-32.0,5.14728403,255.0
767,1221.4090667571218,263.0,7.38144255,255.0
768,0.0,0.0,7.25901747,256.0
769,307.1969607271472,-46.0,5.63482714,256.0
770,2282.4948495120425,-250.0,7.3795867,256.0
771,0.0,0.0,7.31819296,257.0
772,1885.2789788280688,561.0,7.39883232,257.0
773,346.2657776947627,364.0,7.31693983,257.0
774,0.0,0.0,7.32775879,258.0
775,2737.6760507488025,36.0,6.95782042,258.0
776,979.811790119064,-473.0,7.40351915,258.0
777,0.0,0.0,7.31574059,259.0
778,265.36448973052256,336.0,7.39862919,259.0
779,2835.210094239115,-11.0,6.93911362,259.0
780,0.0,0.0,7.32767773,260.0
781,1751.6935813258456,7.0,5.38901615,260.0
782,1286.8862850366927,-43.0,6.30748653,260.0
783,0.0,0.0,7.32845402,261.0
784,1244.066072081358,-372.0,7.40125847,261.0
785,2376.631008842416,-484.0,7.1669302,261.0
786,0.0,0.0,7.32299709,262.0
787,1936.492990382144,517.0,7.28934431,262.0
788,652.6256158087782,375.0,7.36752987,262.0
789,0.0,0.0,7.32714796,263.0
790,3756.571421117176,367.0,7.23991346,263.0
791,814.3423642489183,500.0,7.38241148,263.0
792,0.0,0.0,7.32821846,264.0
793,1084.215301066048,-494.0,7.3866744,264.0
794,2912.218572999285,-397.0,7.090518,264.0
795,0.0,0.0,7.31784964,265.0
796,614.4266469158856,-227.0,7.30227184,265.0
797,1965.905080778554,-11.0,6.54281044,265.0
798,0.0,0.0,7.30141544,266.0
799,441.0939099479365,-175.0,7.34745216,266.0
800,1079.5499564724466,-87.0,6.53730631,266.0
801,0.0,0.0,7.33818293,267.0
802,1364.020953359373,-406.0,7.07492256,267.0
803,32.74066712205422,-503.0,7.36949396,267.0
804,0.0,0.0,7.32706881,268.0
805,1287.5348390223355,111.0,7.02296352,268.0
806,1580.7487764814057,49.0,5.73800135,268.0
807,0.0,0.0,7.32253361,269.0
808,1266.1155756607668,291.0,7.27379227,269.0
809,248.7218775044645,430.0,7.41557217,269.0
810,0.0,0.0,7.36538649,270.0
811,1787.0696836589725,374.0,7.41839218,270.0
812,2714.805648003793,120.0,7.27062798,270.0
813,0.0,0.0,7.35865164,271.0
814,511.7817587066734,-435.0,7.39414024,271.0
815,1988.4277991037927,-554.0,7.18473244,271.0
816,0.0,0.0,7.3622961,272.0
817,1140.631450678044,165.0,7.32752991,272.0
818,1746.5129300331894,-49.0,6.54572535,272.0
819,0.0,0.0,7.33936739,273.0
820,2182.9281300689872,-594.0,7.41813326,273.0
821,363.3768952138735,-227.0,7.38437653,273.0
822,0.0,0.0,7.36404848,274.0
823,1199.237839654361,-486.0,7.40220022,274.0
824,1914.7840797920203,-541.0,6.2662487,274.0
825,0.0,0.0,7.32159281,275.0
826,248.69426192905712,189.0,7.43360901,275.0
827,2772.711095516866,-249.0,7.41132689,275.0
828,0.0,0.0,7.36546946,276.0
829,2775.955294316489,529.0,7.01566219,276.0
830,1837.960892113197,441.0,7.39835262,276.0
831,0.0,0.0,7.348351,277.0
832,398.9716951229617,-307.0,7.37991667,277.0
833,1438.3119186554334,-92.0,6.96711779,277.0
834,0.0,0.0,7.36339188,278.0
835,1194.6977102125898,-351.0,7.36762953,278.0
836,2185.730806156135,-97.0,7.091187,278.0
837,0.0,0.0,7.36353683,279.0
838,3094.067609919741,363.0,7.27852201,279.0
839,1199.638161639311,234.0,7.37777424,279.0
840,0.0,0.0,7.30229568,280.0
841,1175.0065449277197,56.0,5.92997694,280.0
842,487.2315490747865,2.0,5.09744692,280.0
843,0.0,0.0,7.32746601,281.0
844,1129.894556014301,-225.0,7.39197874,281.0
845,2769.351649918236,-133.0,6.84228802,281.0
846,0.0,0.0,7.32210445,282.0
847,729.8448537612387,-271.0,7.36591578,282.0
848,1942.545852032393,-242.0,6.27485085,282.0
849,0.0,0.0,7.32894564,283.0
850,1567.8105532199124,40.0,6.52024126,283.0
851,2006.929669351659,127.0,6.95817757,283.0
852,0.0,0.0,7.28084803,284.0
853,324.0041050799296,116.0,7.31240702,284.0
854,2457.61692083023,-85.0,6.88879585,284.0
855,0.0,0.0,7.32982159,285.0
856,1923.852976034058,-373.0,7.38627958,285.0
857,3161.4786969070333,-297.0,6.84183455,285.0
858,0.0,0.0,7.32946062,286.0
859,1678.3286053488064,-62.0,6.64146042,286.0
860,3259.477270796824,-299.0,7.41775465,286.0
861,0.0,0.0,7.32375193,287.0
862,1348.8826098255015,122.0,5.01549625,287.0
863,980.1378175424528,104.0,7.03274012,287.0
864,0.0,0.0,7.32827282,288.0
865,2302.442485709052,-210.0,7.26554918,288.0
866,1226.9877856267144,-350.0,7.38781166,288.0
867,0.0,0.0,7.3255477,289.0
868,3486.2923736148327,-442.0,7.1718421,289.0
869,478.7546254029243,-496.0,7.3849225,289.0
870,0.0,0.0,7.28781605,290.0
871,3578.695210918037,-168.0,7.37076426,290.0
872,206.5805301657074,201.0,7.4002676,290.0
873,0.0,0.0,7.31456518,291.0
874,348.9628322239464,319.0,7.37333441,291.0
875,2330.376666551886,48.0,6.86966324,291.0
876,0.0,0.0,7.33614683,292.0
877,25.236508724409305,324.0,7.37687874,292.0
878,2360.92003531564,367.0,6.8809185,292.0
879,0.0,0.0,7.32912207,293.0
880,2895.298592570065,429.0,7.03808355,293.0
881,1485.9457251043189,339.0,7.40599203,293.0
882,0.0,0.0,7.28871536,294.0
883,740.4672955294963,-71.0,4.38447666,294.0
884,447.07324546945887,-86.0,6.87787199,294.0
885,0.0,0.0,7.32734823,295.0
886,1083.0946343119083,-278.0,7.42203093,295.0
887,3065.901642864237,35.0,7.04161739,295.0
888,0.0,0.0,7.32432842,296.0
889,650.5658982655641,420.0,7.36362839,296.0
890,2585.5368240340176,257.0,7.28733969,296.0
891,0.0,0.0,7.32666397,297.0
892,3173.864182240756,-311.0,7.10469437,297.0
893,1061.6293323964687,-202.0,7.35369015,297.0
894,0.0,0.0,7.26941252,298.0
895,278.34023969600497,-116.0,7.37239838,298.0
896,1780.854763585954,-59.0,6.02768803,298.0
897,0.0,0.0,7.33805847,299.0
898,59.70416115659009,577.0,7.3336935,299.0
899,2720.239272826307,346.0,7.36366606,299.0
900,0.0,0.0,7.31974649,300.0
901,2350.84102426041,-101.0,6.99380255,300.0
902,634.215888830116,-257.0,7.36657572,300.0
903,0.0,0.0,7.32935143,301.0
904,3042.1665523639645,450.0,6.84388208,301.0
905,1551.209966593777,391.0,7.39750576,301.0
906,0.0,0.0,7.31004715,302.0
907,3563.32583287166,-216.0,7.10256481,302.0
908,255.32791127449903,-292.0,7.37627268,302.0
909,0.0,0.0,7.33861494,303.0
910,1240.7709181933674,-138.0,7.19338655,303.0
911,0.1259640130015213,-322.0,7.34355068,303.0
912,0.0,0.0,7.32495165,304.0
913,998.334026712098,-60.0,6.4257164,304.0
914,1960.3039442699865,-120.0,6.42349195,304.0
915,0.0,0.0,7.31784105,305.0
916,629.035432248113,204.0,7.37767124,305.0
917,2405.9469073974005,72.0,6.82404423,305.0
918,0.0,0.0,7.32749653,306.0
919,2252.3730004350627,174.0,5.98606825,306.0
920,1166.6454213958891,183.0,7.3456316,306.0
921,0.0,0.0,7.3284874,307.0
922,1493.9272640025183,241.0,7.25840855,307.0
923,1773.8747352393752,282.0,5.61801338,307.0
924,0.0,0.0,7.30960846,308.0
925,512.4660573593974,150.0,7.35410166,308.0
926,3413.118514865256,316.0,7.38479328,308.0
927,0.0,0.0,7.32376909,309.0
928,540.9960915254619,-436.0,7.39616585,309.0
929,3461.652612296218,-166.0,7.29397345,309.0
930,0.0,0.0,7.32968664,310.0
931,3775.191959983737,208.0,7.3360467,310.0
932,1726.6335052733225,388.0,7.37189245,310.0
933,0.0,0.0,7.32992744,311.0
934,1869.3589946756572,205.0,7.35413027,311.0
935,3157.891481006019,331.0,7.28881359,311.0
936,0.0,0.0,7.30601645,312.0
937,1620.0696367028336,116.0,7.02543783,312.0
938,514.0620656148931,10.0,5.23049068,312.0
939,0.0,0.0,7.32533789,313.0
940,737.0857410831793,-415.0,7.36853981,313.0
941,3957.8187809426568,-311.0,7.19772577,313.0
942,0.0,0.0,7.32760429,314.0
943,2838.8421478636683,84.0,7.11194134,314.0
944,1137.4950731934184,300.0,7.42883968,314.0
945,0.0,0.0,7.31999969,315.0
946,1644.0307698764857,-269.0,7.20824528,315.0
947,344.27430676341413,-395.0,7.40248346,315.0
948,0.0,0.0,7.32883549,316.0
949,1440.658007211858,129.0,7.2531209,316.0
950,3780.837123646754,486.0,7.46000862,316.0
951,0.0,0.0,7.31696129,317.0
952,1842.4984620356588,-285.0,6.63572836,317.0
953,414.41988005807616,-338.0,7.36194944,317.0
954,0.0,0.0,7.33963966,318.0
955,34.65021212857709,-562.0,7.37535858,318.0
956,3199.566675292396,-299.0,7.42876482,318.0
957,0.0,0.0,7.32783699,319.0
958,2786.371269355419,324.0,7.35685062,319.0
959,961.988715522332,512.0,7.37192392,319.0
960,0.0,0.0,7.33025503,320.0
961,3339.047175615648,211.0,7.2185483,320.0
962,2242.300797886567,342.0,7.38165236,320.0
963,0.0,0.0,7.32788467,321.0
964,1293.607695011851,45.0,6.46996498,321.0
965,2206.8750402855667,-69.0,6.58455038,321.0
966,0.0,0.0,7.31698179,322.0
967,2445.5974341758965,-193.0,7.23770094,322.0
968,412.8876594654498,-337.0,7.3755002,322.0
969,0.0,0.0,7.29338312,323.0
970,446.258198108242,68.0,6.55895233,323.0
971,1378.365913397337,-23.0,5.68616343,323.0
972,0.0,0.0,7.31607485,324.0
973,1897.1197503690464,-135.0,6.93815613,324.0
974,665.4324636067148,-39.0,5.84025383,324.0
975,0.0,0.0,7.31908798,325.0
976,757.2954779036058,-189.0,7.29837561,325.0
977,1232.518448176222,-119.0,6.48276091,325.0
978,0.0,0.0,7.32427692,326.0
979,1559.0484862220171,154.0,6.6265173,326.0
980,916.4049922565596,231.0,7.31583023,326.0
981,0.0,0.0,7.33433962,327.0
982,1741.2383104501496,-212.0,7.31763124,327.0
983,42.77733914188229,-353.0,7.33472204,327.0
984,0.0,0.0,7.32981062,328.0
985,3120.689400216968,305.0,7.07698679,328.0
986,1784.7808982368374,212.0,7.34586573,328.0
987,0.0,0.0,7.32960463,329.0
988,2949.905447583419,-225.0,7.39704895,329.0
989,348.98700521572533,-596.0,7.36420107,329.0
990,0.0,0.0,7.30262852,330.0
991,504.71590949955817,-66.0,6.41932774,330.0
992,2035.7812581028013,103.0,7.0096426,330.0
993,0.0,0.0,7.30484295,331.0
994,336.30348334945256,-265.0,7.37643242,331.0
995,1097.3747145047987,-177.0,6.92136192,331.0
996,0.0,0.0,7.32902336,332.0
997,2941.101579812676,376.0,7.41977406,332.0
998,1520.6674207387157,188.0,7.33667564,332.0
999,0.0,0.0,7.32654858,333.0
1000,2514.17885280712,340.0,7.28278542,333.0
1001,341.4214759510869,505.0,7.36307955,333.0
1002,0.0,0.0,7.32046032,334.0
1003,2177.367303343675,290.0,7.33310699,334.0
1004,754.8293385839015,139.0,7.33031416,334.0
1005,0.0,0.0,7.31109285,335.0
1006,394.7695107836912,277.0,7.39622116,335.0
1007,1659.2045386781397,143.0,7.12484646,335.0
1008,0.0,0.0,7.31990433,336.0
1009,1136.7220387874113,-164.0,5.27388096,336.0
1010,826.4523721665927,-129.0,7.15983343,336.0
1011,0.0,0.0,7.32581139,337.0
1012,820.309123913672,-438.0,7.39523506,337.0
1013,1912.884876240259,-295.0,7.31225014,337.0
1014,0.0,0.0,7.29722023,338.0
1015,340.0553378239473,204.0,7.3833375,338.0
1016,1174.1245080826225,148.0,6.2392683,338.0
1017,0.0,0.0,7.31398344,339.0
1018,309.8207093225988,325.0,7.37959528,339.0
1019,1713.4658829067926,99.0,7.0727458,339.0
1020,0.0,0.0,7.31790638,340.0
1021,676.761328106496,120.0,7.23621464,340.0
1022,3618.869519310579,464.0,7.42895842,340.0
1023,0.0,0.0,7.32859993,341.0
1024,1352.1140757367623,8.0,6.22779274,341.0
1025,3279.562639940297,-31.0,6.5925355,341.0
1026,0.0,0.0,7.32840633,342.0
1027,1994.84161377038,-267.0,5.76376915,342.0
1028,1348.528087294534,-233.0,7.34980011,342.0
1029,0.0,0.0,7.32963037,343.0
1030,1615.0466066728995,395.0,7.40093994,343.0
1031,2864.542665387888,283.0,7.08675003,343.0
1032,0.0,0.0,7.33364964,344.0
1033,1931.282580253929,302.0,7.34611988,344.0
1034,118.67123303389644,497.0,7.36918592,344.0
1035,0.0,0.0,7.32187939,345.0
1036,1486.3147315029885,95.0,5.97052574,345.0
1037,876.4234595754097,50.0,6.35375881,345.0
1038,0.0,0.0,7.28673029,346.0
1039,1971.9606938630343,97.0,6.10720158,346.0
1040,356.3627982434864,116.0,7.3171978,346.0
1041,0.0,0.0,7.33519173,347.0
1042,1789.0775443042985,-240.0,7.36991978,347.0
1043,86.22112266285103,-491.0,7.34541845,347.0
1044,0.0,0.0,7.32824183,348.0
1045,3382.802468192418,74.0,7.16900063,348.0
1046,1181.985895894106,318.0,7.3926425,348.0
1047,0.0,0.0,7.32662153,349.0
1048,1114.7992786989444,6.0,6.05238104,349.0
1049,1848.0223504113287,157.0,7.30199432,349.0
1050,0.0,0.0,7.325737,350.0
1051,2745.22118815768,-10.0,6.43063068,350.0
1052,995.6712170012488,-18.0,5.93181705,350.0
1053,0.0,0.0,7.32995415,351.0
1054,1961.280071947104,-151.0,7.24946165,351.0
1055,2907.288856186845,-234.0,6.90222168,351.0
1056,0.0,0.0,7.32814932,352.0
1057,1327.5671678362128,-82.0,6.75966024,352.0
1058,2618.208636952017,-272.0,7.38627434,352.0
1059,0.0,0.0,7.32873487,353.0
1060,1438.2729376372708,-162.0,7.29830027,353.0
1061,2708.2475812671155,-96.0,6.54381704,353.0
1062,0.0,0.0,7.33033037,354.0
1063,3582.90414717791,60.0,6.64959908,354.0
1064,2363.312540361836,146.0,7.30030155,354.0
1065,0.0,0.0,7.32720184,355.0
1066,2145.6006054041454,322.0,7.39230919,355.0
1067,439.2002312901212,552.0,7.37240553,355.0
1068,0.0,0.0,7.32953072,356.0
1069,2712.3788793006697,-84.0,6.04463243,356.0
1070,1751.6399609485975,-50.0,6.57515669,356.0
1071,0.0,0.0,7.33041048,357.0
1072,2028.7769638678676,-205.0,7.34142923,357.0
1073,148.83051243619275,-459.0,7.37636709,357.0
1074,0.0,0.0,7.30246115,358.0
1075,3164.35674407217,-110.0,6.97819519,358.0
1076,499.3889458086852,-80.0,6.7639823,358.0
1077,0.0,0.0,7.30668402,359.0
1078,2630.2602836601054,143.0,7.23282814,359.0
1079,497.0237955063935,-128.0,7.30157423,359.0
