,X_coord,Y_coord,Ref_Wind_Speed,Wind_angle,Spacing
0,0.0,0.0,7.4797616,240.0,279.0
1,241.6210876558584,139.49999999999997,7.57623148,240.0,279.0
2,0.0,0.0,7.47360182,241.0,279.0
3,244.01889829189142,135.26188404872804,7.56752729,241.0,279.0
4,0.0,0.0,7.46784782,242.0,279.0
5,246.34237840764064,130.98256601726354,7.55792332,242.0,279.0
6,0.0,0.0,7.49173546,243.0,279.0
7,248.59082024855465,126.66334942733354,7.51761532,243.0,279.0
8,0.0,0.0,7.48339224,244.0,279.0
9,250.7635389174676,122.3055499541526,7.50035381,244.0,279.0
10,0.0,0.0,7.44775724,245.0,279.0
11,252.85987258322533,117.91049502565514,7.49375725,245.0,279.0
12,0.0,0.0,7.43949652,246.0,279.0
13,254.87918268228563,113.47952341814826,7.45918131,246.0,279.0
14,0.0,0.0,7.4412384,247.0,279.0
15,256.82085411323084,109.01398484850738,7.42024326,247.0,279.0
16,0.0,0.0,7.44484901,248.0,279.0
17,258.68429542413367,104.51523956303946,7.36896563,248.0,279.0
18,0.0,0.0,7.43987465,249.0,279.0
19,260.4689389927193,99.98465792313877,7.32154608,249.0,279.0
20,0.0,0.0,7.43814945,250.0,279.0
21,262.17424119926847,95.42361998786157,7.24805546,250.0,279.0
22,0.0,0.0,7.4262557,251.0,279.0
23,263.7996825922094,90.83351509354672,7.1765461,251.0,279.0
24,0.0,0.0,7.42346907,252.0,279.0
25,265.34476804634784,86.21574143061032,7.08723116,252.0,279.0
26,0.0,0.0,7.41898584,253.0,279.0
27,266.80902691368686,81.57170561764356,6.97298098,253.0,279.0
28,0.0,0.0,7.40453577,254.0,279.0
29,268.19201316679096,76.90282227294277,6.83376694,254.0,279.0
30,0.0,0.0,7.39596319,255.0,279.0
31,269.49330553465006,72.21051358360329,6.6922574,255.0,279.0
32,0.0,0.0,7.39225912,256.0,279.0
33,270.712507631003,67.49620887230729,6.5718832,256.0,279.0
34,0.0,0.0,7.38424873,257.0,279.0
35,271.84924807508065,62.76134416193834,6.43158913,257.0,279.0
36,0.0,0.0,7.37088966,258.0,279.0
37,272.9031806047318,58.007361738154856,6.26610184,258.0,279.0
38,0.0,0.0,7.37247229,259.0,279.0
39,273.87398418189827,53.235709710056,6.10291862,259.0,279.0
40,0.0,0.0,7.37003851,260.0,279.0
41,274.76136309040606,48.44784156907356,5.95289993,260.0,279.0
42,0.0,0.0,7.3668952,261.0,279.0
43,275.56504702604343,43.645215746224416,5.78274298,261.0,279.0
44,0.0,0.0,7.35494661,262.0,279.0
45,276.2847911788981,38.829295167858255,5.60295486,262.0,279.0
46,0.0,0.0,7.36029863,263.0,279.0
47,276.92037630792885,34.001546810036146,5.44060326,263.0,279.0
48,0.0,0.0,7.35583973,264.0,279.0
49,277.4716088077482,29.16344125167532,5.29856777,264.0,279.0
50,0.0,0.0,7.3424077,265.0,279.0
51,277.938320767597,24.316452226596628,5.1493535,265.0,279.0
52,0.0,0.0,7.35067177,266.0,279.0
53,278.320370022491,19.46205617461096,5.04404402,266.0,279.0
54,0.0,0.0,7.36074686,267.0,279.0
55,278.6176401965261,14.60173179178133,4.95401144,267.0,279.0
56,0.0,0.0,7.34705114,268.0,279.0
57,278.83004073832774,9.736959579997771,4.90302849,268.0,279.0
58,0.0,0.0,7.3288846,269.0,279.0
59,278.9575069486332,4.8692213960021,4.86123371,269.0,279.0
60,0.0,0.0,7.3347826,270.0,279.0
61,279.0,0.0,4.85890722,270.0,279.0
62,0.0,0.0,7.3277998,271.0,279.0
63,278.9575069486332,-4.8692213960021,4.87785816,271.0,279.0
64,0.0,0.0,7.34435558,272.0,279.0
65,278.83004073832774,-9.736959579997771,4.93991089,272.0,279.0
66,0.0,0.0,7.35892916,273.0,279.0
67,278.6176401965261,-14.60173179178133,5.00555325,273.0,279.0
68,0.0,0.0,7.3489151,274.0,279.0
69,278.320370022491,-19.46205617461096,5.11036873,274.0,279.0
70,0.0,0.0,7.34092999,275.0,279.0
71,277.938320767597,-24.316452226596628,5.23679447,275.0,279.0
72,0.0,0.0,7.35419559,276.0,279.0
73,277.4716088077482,-29.16344125167532,5.40532064,276.0,279.0
74,0.0,0.0,7.35912228,277.0,279.0
75,276.92037630792885,-34.001546810036146,5.55358648,277.0,279.0
76,0.0,0.0,7.3536377,278.0,279.0
77,276.2847911788981,-38.829295167858255,5.72273874,278.0,279.0
78,0.0,0.0,7.36508036,279.0,279.0
79,275.56504702604343,-43.645215746224416,5.90408993,279.0,279.0
80,0.0,0.0,7.36825848,280.0,279.0
81,274.76136309040606,-48.44784156907356,6.06695271,280.0,279.0
82,0.0,0.0,7.37133121,281.0,279.0
83,273.87398418189827,-53.235709710056,6.21162605,281.0,279.0
84,0.0,0.0,7.37004662,282.0,279.0
85,272.9031806047318,-58.007361738154856,6.3670702,282.0,279.0
86,0.0,0.0,7.38387299,283.0,279.0
87,271.84924807508065,-62.76134416193834,6.52303553,283.0,279.0
88,0.0,0.0,7.39239407,284.0,279.0
89,270.712507631003,-67.49620887230729,6.65165663,284.0,279.0
90,0.0,0.0,7.39672184,285.0,279.0
91,269.49330553465006,-72.21051358360329,6.78196383,285.0,279.0
92,0.0,0.0,7.40507507,286.0,279.0
93,268.19201316679096,-76.90282227294277,6.91084433,286.0,279.0
94,0.0,0.0,7.41927767,287.0,279.0
95,266.80902691368686,-81.57170561764356,7.03756952,287.0,279.0
96,0.0,0.0,7.42316437,288.0,279.0
97,265.34476804634784,-86.21574143061032,7.14271927,288.0,279.0
98,0.0,0.0,7.42681599,289.0,279.0
99,263.7996825922094,-90.83351509354672,7.22257948,289.0,279.0
100,0.0,0.0,7.43836498,290.0,279.0
101,262.17424119926847,-95.42361998786157,7.2841897,290.0,279.0
102,0.0,0.0,7.4401412,291.0,279.0
103,260.4689389927193,-99.98465792313877,7.35028028,291.0,279.0
104,0.0,0.0,7.44527864,292.0,279.0
105,258.68429542413367,-104.51523956303946,7.39223957,292.0,279.0
106,0.0,0.0,7.44139576,293.0,279.0
107,256.82085411323084,-109.01398484850738,7.4383316,293.0,279.0
108,0.0,0.0,7.43931341,294.0,279.0
109,254.87918268228563,-113.47952341814826,7.47310305,294.0,279.0
110,0.0,0.0,7.44768333,295.0,279.0
111,252.85987258322533,-117.91049502565514,7.50485325,295.0,279.0
112,0.0,0.0,7.48393726,296.0,279.0
113,250.7635389174676,-122.3055499541526,7.50941801,296.0,279.0
114,0.0,0.0,7.4913702,297.0,279.0
115,248.59082024855465,-126.66334942733354,7.5241313,297.0,279.0
116,0.0,0.0,7.4674592,298.0,279.0
117,246.34237840764064,-130.98256601726354,7.56316662,298.0,279.0
118,0.0,0.0,7.47330475,299.0,279.0
119,244.01889829189142,-135.26188404872804,7.57174969,299.0,279.0
120,0.0,0.0,7.47974348,300.0,279.0
121,241.6210876558584,-139.49999999999997,7.57912397,300.0,279.0
122,0.0,0.0,7.50172806,240.0,372.0
123,322.1614502078112,185.99999999999997,7.5707202,240.0,372.0
124,0.0,0.0,7.4960103,241.0,372.0
125,325.3585310558552,180.34917873163738,7.56806946,241.0,372.0
126,0.0,0.0,7.49304342,242.0,372.0
127,328.45650454352085,174.64342135635138,7.56435013,242.0,372.0
128,0.0,0.0,7.49259138,243.0,372.0
129,331.45442699807285,168.8844659031114,7.54964066,243.0,372.0
130,0.0,0.0,7.49497366,244.0,372.0
131,334.35138522329015,163.07406660553679,7.55146646,244.0,372.0
132,0.0,0.0,7.48398638,245.0,372.0
133,337.1464967776338,157.21399336754018,7.55257273,245.0,372.0
134,0.0,0.0,7.46859789,246.0,372.0
135,339.8389102430475,151.30603122419768,7.53242159,246.0,372.0
136,0.0,0.0,7.46926641,247.0,372.0
137,342.42780548430784,145.35197979800984,7.52182484,247.0,372.0
138,0.0,0.0,7.47089338,248.0,372.0
139,344.9123938988449,139.35365275071928,7.51742935,248.0,372.0
140,0.0,0.0,7.45903826,249.0,372.0
141,347.29191865695907,133.3128772308517,7.49762249,249.0,372.0
142,0.0,0.0,7.46089792,250.0,372.0
143,349.5656549323579,127.23149331714876,7.47456598,250.0,372.0
144,0.0,0.0,7.46438122,251.0,372.0
145,351.73291012294584,121.1113534580623,7.45294428,251.0,372.0
146,0.0,0.0,7.45792294,252.0,372.0
147,353.7930240617971,114.95432190748043,7.41070938,252.0,372.0
148,0.0,0.0,7.45086861,253.0,372.0
149,355.7453692182492,108.76227415685808,7.3551383,253.0,372.0
150,0.0,0.0,7.43507671,254.0,372.0
151,357.58935088905463,102.5370963639237,7.27885008,254.0,372.0
152,0.0,0.0,7.4376359,255.0,372.0
153,359.3244073795334,96.28068477813771,7.190588,255.0,372.0
154,0.0,0.0,7.45159626,256.0,372.0
155,360.9500101746707,89.9949451630764,7.06501245,256.0,372.0
156,0.0,0.0,7.40157032,257.0,372.0
157,362.4656641001075,83.68179221591778,6.94959307,257.0,372.0
158,0.0,0.0,7.40327883,258.0,372.0
159,363.8709074729757,77.34314898420648,6.78093386,258.0,372.0
160,0.0,0.0,7.39253664,259.0,372.0
161,365.165312242531,70.98094628007466,6.62719679,259.0,372.0
162,0.0,0.0,7.39667606,260.0,372.0
163,366.3484841205414,64.59712209209809,6.4727335,260.0,372.0
164,0.0,0.0,7.38378143,261.0,372.0
165,367.42006270139126,58.19362099496588,6.29732752,261.0,372.0
166,0.0,0.0,7.38049603,262.0,372.0
167,368.3797215718642,51.77239355714434,6.11142492,262.0,372.0
168,0.0,0.0,7.38430691,263.0,372.0
169,369.2271684105718,45.33539574671486,5.91495562,263.0,372.0
170,0.0,0.0,7.38654804,264.0,372.0
171,369.9621450769977,38.88458833556709,5.73328495,264.0,372.0
172,0.0,0.0,7.3703866,265.0,372.0
173,370.58442769012936,32.421936302128834,5.54358149,265.0,372.0
174,0.0,0.0,7.37443304,266.0,372.0
175,371.0938266966546,25.949408232814612,5.3738203,266.0,372.0
176,0.0,0.0,7.36521864,267.0,372.0
177,371.49018692870146,19.468975722375106,5.25016356,267.0,372.0
178,0.0,0.0,7.37993765,268.0,372.0
179,371.77338765110363,12.982612773330361,5.15568638,268.0,372.0
180,0.0,0.0,7.36434269,269.0,372.0
181,371.94334259817754,6.492295194669467,5.0888772,269.0,372.0
182,0.0,0.0,7.36998081,270.0,372.0
183,372.0,0.0,5.07858276,270.0,372.0
184,0.0,0.0,7.36329556,271.0,372.0
185,371.94334259817754,-6.492295194669467,5.11230373,271.0,372.0
186,0.0,0.0,7.37802935,272.0,372.0
187,371.77338765110363,-12.982612773330361,5.20459461,272.0,372.0
188,0.0,0.0,7.36445379,273.0,372.0
189,371.49018692870146,-19.468975722375106,5.32811213,273.0,372.0
190,0.0,0.0,7.37409592,274.0,372.0
191,371.0938266966546,-25.949408232814612,5.47299147,274.0,372.0
192,0.0,0.0,7.36991596,275.0,372.0
193,370.58442769012936,-32.421936302128834,5.65676117,275.0,372.0
194,0.0,0.0,7.38587904,276.0,372.0
195,369.9621450769977,-38.88458833556709,5.85257912,276.0,372.0
196,0.0,0.0,7.38359594,277.0,372.0
197,369.2271684105718,-45.33539574671486,6.03363276,277.0,372.0
198,0.0,0.0,7.37984085,278.0,372.0
199,368.3797215718642,-51.77239355714434,6.2237854,278.0,372.0
200,0.0,0.0,7.38312531,279.0,372.0
201,367.42006270139126,-58.19362099496588,6.40136003,279.0,372.0
202,0.0,0.0,7.39642286,280.0,372.0
203,366.3484841205414,-64.59712209209809,6.56498623,280.0,372.0
204,0.0,0.0,7.3926115,281.0,372.0
205,365.165312242531,-70.98094628007466,6.70894623,281.0,372.0
206,0.0,0.0,7.40381098,282.0,372.0
207,363.8709074729757,-77.34314898420648,6.86603308,282.0,372.0
208,0.0,0.0,7.40190172,283.0,372.0
209,362.4656641001075,-83.68179221591778,7.0191021,283.0,372.0
210,0.0,0.0,7.45233059,284.0,372.0
211,360.9500101746707,-89.9949451630764,7.1219182,284.0,372.0
212,0.0,0.0,7.43746424,285.0,372.0
213,359.3244073795334,-96.28068477813771,7.23535395,285.0,372.0
214,0.0,0.0,7.43497849,286.0,372.0
215,357.58935088905463,-102.5370963639237,7.31272793,286.0,372.0
216,0.0,0.0,7.45088148,287.0,372.0
217,355.7453692182492,-108.76227415685808,7.38153553,287.0,372.0
218,0.0,0.0,7.45803881,288.0,372.0
219,353.7930240617971,-114.95432190748043,7.43135357,288.0,372.0
220,0.0,0.0,7.46352291,289.0,372.0
221,351.73291012294584,-121.1113534580623,7.46770287,289.0,372.0
222,0.0,0.0,7.4604702,290.0,372.0
223,349.5656549323579,-127.23149331714876,7.48571348,290.0,372.0
224,0.0,0.0,7.45873117,291.0,372.0
225,347.29191865695907,-133.3128772308517,7.50581408,291.0,372.0
226,0.0,0.0,7.47042561,292.0,372.0
227,344.9123938988449,-139.35365275071928,7.52361345,292.0,372.0
228,0.0,0.0,7.46862125,293.0,372.0
229,342.42780548430784,-145.35197979800984,7.52674675,293.0,372.0
230,0.0,0.0,7.46796179,294.0,372.0
231,339.8389102430475,-151.30603122419768,7.53581238,294.0,372.0
232,0.0,0.0,7.48313475,295.0,372.0
233,337.1464967776338,-157.21399336754018,7.55529499,295.0,372.0
234,0.0,0.0,7.49386311,296.0,372.0
235,334.35138522329015,-163.07406660553679,7.55289221,296.0,372.0
236,0.0,0.0,7.49355888,297.0,372.0
237,331.45442699807285,-168.8844659031114,7.55163527,297.0,372.0
238,0.0,0.0,7.49279356,298.0,372.0
239,328.45650454352085,-174.64342135635138,7.56625128,298.0,372.0
240,0.0,0.0,7.49564075,299.0,372.0
241,325.3585310558552,-180.34917873163738,7.56941128,299.0,372.0
242,0.0,0.0,7.50099802,300.0,372.0
243,322.1614502078112,-185.99999999999997,7.57178211,300.0,372.0
244,0.0,0.0,7.52118015,240.0,465.0
245,402.701812759764,232.49999999999997,7.56287241,240.0,465.0
246,0.0,0.0,7.50969458,241.0,465.0
247,406.698163819819,225.43647341454673,7.56061697,241.0,465.0
248,0.0,0.0,7.51781893,242.0,465.0
249,410.57063067940106,218.30427669543923,7.55410624,242.0,465.0
250,0.0,0.0,7.49304247,243.0,465.0
251,414.3180337475911,211.10558237888924,7.57284451,243.0,465.0
252,0.0,0.0,7.49863148,244.0,465.0
253,417.93923152911265,203.842583256921,7.56386948,244.0,465.0
254,0.0,0.0,7.50720739,245.0,465.0
255,421.4331209720422,196.51749170942523,7.53660727,245.0,465.0
256,0.0,0.0,7.48997736,246.0,465.0
257,424.7986378038094,189.1325390302471,7.53616619,246.0,465.0
258,0.0,0.0,7.49036741,247.0,465.0
259,428.0347568553848,181.6899747475123,7.52922964,247.0,465.0
260,0.0,0.0,7.48661184,248.0,465.0
261,431.1404923735561,174.19206593839908,7.5277791,248.0,465.0
262,0.0,0.0,7.48426533,249.0,465.0
263,434.11489832119884,166.64109653856463,7.51185465,249.0,465.0
264,0.0,0.0,7.48404837,250.0,465.0
265,436.9570686654474,159.03936664643595,7.50910616,250.0,465.0
266,0.0,0.0,7.47953606,251.0,465.0
267,439.6661376536823,151.38919182257786,7.50284719,251.0,465.0
268,0.0,0.0,7.48489571,252.0,465.0
269,442.2412800772464,143.69290238435053,7.48770285,252.0,465.0
270,0.0,0.0,7.47610044,253.0,465.0
271,444.6817115228115,135.9528426960726,7.46116877,253.0,465.0
272,0.0,0.0,7.44887638,254.0,465.0
273,446.9866886113183,128.1713704549046,7.43963814,254.0,465.0
274,0.0,0.0,7.45597649,255.0,465.0
275,449.1555092244168,120.35085597267215,7.38600874,255.0,465.0
276,0.0,0.0,7.44837809,256.0,465.0
277,451.1875127183384,112.4936814538455,7.32946205,256.0,465.0
278,0.0,0.0,7.44512367,257.0,465.0
279,453.0820801251344,104.60224026989722,7.23069859,257.0,465.0
280,0.0,0.0,7.42237854,258.0,465.0
281,454.83863434121963,96.67893623025809,7.13069677,258.0,465.0
282,0.0,0.0,7.41932201,259.0,465.0
283,456.45664030316374,88.72618285009334,6.99712706,259.0,465.0
284,0.0,0.0,7.4141016,260.0,465.0
285,457.93560515067674,80.7464026151226,6.84518623,260.0,465.0
286,0.0,0.0,7.40241003,261.0,465.0
287,459.2750783767391,72.74202624370736,6.65504789,261.0,465.0
288,0.0,0.0,7.39769173,262.0,465.0
289,460.47465196483023,64.71549194643043,6.48653412,262.0,465.0
290,0.0,0.0,7.40446377,263.0,465.0
291,461.5339605132147,56.66924468339358,6.29007387,263.0,465.0
292,0.0,0.0,7.39892721,264.0,465.0
293,462.45268134624706,48.60573541945887,6.07887554,264.0,465.0
294,0.0,0.0,7.39593506,265.0,465.0
295,463.2305346126617,40.527420377661045,5.88262033,265.0,465.0
296,0.0,0.0,7.38769865,266.0,465.0
297,463.86728337081826,32.43676029101827,5.69514561,266.0,465.0
298,0.0,0.0,7.38160372,267.0,465.0
299,464.3627336608768,24.336219652968882,5.53682709,267.0,465.0
300,0.0,0.0,7.38449478,268.0,465.0
301,464.7167345638795,16.22826596666295,5.39785814,268.0,465.0
302,0.0,0.0,7.39462757,269.0,465.0
303,464.92917824772195,8.115368993336833,5.3146081,269.0,465.0
304,0.0,0.0,7.39993382,270.0,465.0
305,465.0,0.0,5.29913807,270.0,465.0
306,0.0,0.0,7.3936882,271.0,465.0
307,464.92917824772195,-8.115368993336833,5.35068798,271.0,465.0
308,0.0,0.0,7.38426971,272.0,465.0
309,464.7167345638795,-16.22826596666295,5.46127558,272.0,465.0
310,0.0,0.0,7.38115644,273.0,465.0
311,464.3627336608768,-24.336219652968882,5.62971115,273.0,465.0
312,0.0,0.0,7.38746834,274.0,465.0
313,463.86728337081826,-32.43676029101827,5.80675602,274.0,465.0
314,0.0,0.0,7.39548683,275.0,465.0
315,463.2305346126617,-40.527420377661045,6.00011683,275.0,465.0
316,0.0,0.0,7.39841413,276.0,465.0
317,462.45268134624706,-48.60573541945887,6.1916256,276.0,465.0
318,0.0,0.0,7.40378428,277.0,465.0
319,461.5339605132147,-56.66924468339358,6.39298868,277.0,465.0
320,0.0,0.0,7.39753962,278.0,465.0
321,460.47465196483023,-64.71549194643043,6.57709789,278.0,465.0
322,0.0,0.0,7.40261412,279.0,465.0
323,459.2750783767391,-72.74202624370736,6.74213743,279.0,465.0
324,0.0,0.0,7.41478968,280.0,465.0
325,457.93560515067674,-80.7464026151226,6.92601395,280.0,465.0
326,0.0,0.0,7.4194212,281.0,465.0
327,456.45664030316374,-88.72618285009334,7.06059313,281.0,465.0
328,0.0,0.0,7.42289734,282.0,465.0
329,454.83863434121963,-96.67893623025809,7.1804347,282.0,465.0
330,0.0,0.0,7.44557571,283.0,465.0
331,453.0820801251344,-104.60224026989722,7.26930714,283.0,465.0
332,0.0,0.0,7.44803143,284.0,465.0
333,451.1875127183384,-112.4936814538455,7.35846424,284.0,465.0
334,0.0,0.0,7.45624113,285.0,465.0
335,449.1555092244168,-120.35085597267215,7.40719414,285.0,465.0
336,0.0,0.0,7.44871664,286.0,465.0
337,446.9866886113183,-128.1713704549046,7.45458984,286.0,465.0
338,0.0,0.0,7.47651815,287.0,465.0
339,444.6817115228115,-135.9528426960726,7.47210121,287.0,465.0
340,0.0,0.0,7.48494577,288.0,465.0
341,442.2412800772464,-143.69290238435053,7.49553871,288.0,465.0
342,0.0,0.0,7.47972727,289.0,465.0
343,439.6661376536823,-151.38919182257786,7.50868988,289.0,465.0
344,0.0,0.0,7.48390532,290.0,465.0
345,436.9570686654474,-159.03936664643595,7.51325083,290.0,465.0
346,0.0,0.0,7.4838624,291.0,465.0
347,434.11489832119884,-166.64109653856463,7.51527119,291.0,465.0
348,0.0,0.0,7.48597097,292.0,465.0
349,431.1404923735561,-174.19206593839908,7.53126192,292.0,465.0
350,0.0,0.0,7.4897933,293.0,465.0
351,428.0347568553848,-181.6899747475123,7.53143454,293.0,465.0
352,0.0,0.0,7.48954058,294.0,465.0
353,424.7986378038094,-189.1325390302471,7.53799009,294.0,465.0
354,0.0,0.0,7.50600529,295.0,465.0
355,421.4331209720422,-196.51749170942523,7.53815508,295.0,465.0
356,0.0,0.0,7.49700832,296.0,465.0
357,417.93923152911265,-203.842583256921,7.56587791,296.0,465.0
358,0.0,0.0,7.49127817,297.0,465.0
359,414.3180337475911,-211.10558237888924,7.57453346,297.0,465.0
360,0.0,0.0,7.51653194,298.0,465.0
361,410.57063067940106,-218.30427669543923,7.55532026,298.0,465.0
362,0.0,0.0,7.50884008,299.0,465.0
363,406.698163819819,-225.43647341454673,7.56179237,299.0,465.0
364,0.0,0.0,7.52085543,300.0,465.0
365,402.701812759764,-232.49999999999997,7.56341171,300.0,465.0
366,0.0,0.0,7.52745771,240.0,558.0
367,483.2421753117168,278.99999999999994,7.56338596,240.0,558.0
368,0.0,0.0,7.52057076,241.0,558.0
369,488.03779658378284,270.52376809745607,7.5633769,241.0,558.0
370,0.0,0.0,7.52492237,242.0,558.0
371,492.6847568152813,261.9651320345271,7.55270672,242.0,558.0
372,0.0,0.0,7.51184797,243.0,558.0
373,497.1816404971093,253.3266988546671,7.56140518,243.0,558.0
374,0.0,0.0,7.50623131,244.0,558.0
375,501.5270778349352,244.6110999083052,7.55692482,244.0,558.0
376,0.0,0.0,7.51009703,245.0,558.0
377,505.71974516645065,235.82099005131028,7.53644514,245.0,558.0
378,0.0,0.0,7.49208546,246.0,558.0
379,509.75836536457126,226.95904683629652,7.53087807,246.0,558.0
380,0.0,0.0,7.49801922,247.0,558.0
381,513.6417082264617,218.02796969701475,7.53140259,247.0,558.0
382,0.0,0.0,7.49398899,248.0,558.0
383,517.3685908482673,209.03047912607892,7.52367783,248.0,558.0
384,0.0,0.0,7.48588657,249.0,558.0
385,520.9378779854386,199.96931584627754,7.52668953,249.0,558.0
386,0.0,0.0,7.49330616,250.0,558.0
387,524.3484823985369,190.84723997572314,7.51414347,250.0,558.0
388,0.0,0.0,7.48374319,251.0,558.0
389,527.5993651844188,181.66703018709345,7.51482773,251.0,558.0
390,0.0,0.0,7.48099566,252.0,558.0
391,530.6895360926957,172.43148286122064,7.51669979,252.0,558.0
392,0.0,0.0,7.47155571,253.0,558.0
393,533.6180538273737,163.14341123528712,7.49645901,253.0,558.0
394,0.0,0.0,7.47471428,254.0,558.0
395,536.3840263335819,153.80564454588554,7.48333597,254.0,558.0
396,0.0,0.0,7.45748711,255.0,558.0
397,538.9866110693001,144.42102716720657,7.45077801,255.0,558.0
398,0.0,0.0,7.47361946,256.0,558.0
399,541.425015262006,134.99241774461458,7.40691471,256.0,558.0
400,0.0,0.0,7.44981337,257.0,558.0
401,543.6984961501613,125.52268832387668,7.37789249,257.0,558.0
402,0.0,0.0,7.43058348,258.0,558.0
403,545.8063612094636,116.01472347630971,7.3050642,258.0,558.0
404,0.0,0.0,7.42827034,259.0,558.0
405,547.7479683637965,106.471419420112,7.21607733,259.0,558.0
406,0.0,0.0,7.41381502,260.0,558.0
407,549.5227261808121,96.89568313814712,7.10026693,260.0,558.0
408,0.0,0.0,7.4249177,261.0,558.0
409,551.1300940520869,87.29043149244883,6.94155121,261.0,558.0
410,0.0,0.0,7.40698433,262.0,558.0
411,552.5695823577962,77.65859033571651,6.76835632,262.0,558.0
412,0.0,0.0,7.41053057,263.0,558.0
413,553.8407526158577,68.00309362007229,6.5753746,263.0,558.0
414,0.0,0.0,7.40051317,264.0,558.0
415,554.9432176154965,58.32688250335064,6.36564302,264.0,558.0
416,0.0,0.0,7.40735626,265.0,558.0
417,555.876641535194,48.632904453193255,6.16490412,265.0,558.0
418,0.0,0.0,7.39963102,266.0,558.0
419,556.640740044982,38.92411234922192,5.96810913,266.0,558.0
420,0.0,0.0,7.39444542,267.0,558.0
421,557.2352803930522,29.20346358356266,5.78843737,267.0,558.0
422,0.0,0.0,7.39019299,268.0,558.0
423,557.6600814766555,19.473919159995543,5.62696266,268.0,558.0
424,0.0,0.0,7.41341734,269.0,558.0
425,557.9150138972664,9.7384427920042,5.52753782,269.0,558.0
426,0.0,0.0,7.41888952,270.0,558.0
427,558.0,0.0,5.51174641,270.0,558.0
428,0.0,0.0,7.41207314,271.0,558.0
429,557.9150138972664,-9.7384427920042,5.57048941,271.0,558.0
430,0.0,0.0,7.39077377,272.0,558.0
431,557.6600814766555,-19.473919159995543,5.70117331,272.0,558.0
432,0.0,0.0,7.39460564,273.0,558.0
433,557.2352803930522,-29.20346358356266,5.89047432,273.0,558.0
434,0.0,0.0,7.39927435,274.0,558.0
435,556.640740044982,-38.92411234922192,6.07848597,274.0,558.0
436,0.0,0.0,7.40703917,275.0,558.0
437,555.876641535194,-48.632904453193255,6.27305269,275.0,558.0
438,0.0,0.0,7.40044022,276.0,558.0
439,554.9432176154965,-58.32688250335064,6.46453142,276.0,558.0
440,0.0,0.0,7.41034746,277.0,558.0
441,553.8407526158577,-68.00309362007229,6.65898466,277.0,558.0
442,0.0,0.0,7.40664387,278.0,558.0
443,552.5695823577962,-77.65859033571651,6.856318,278.0,558.0
444,0.0,0.0,7.42511606,279.0,558.0
445,551.1300940520869,-87.29043149244883,7.01281404,279.0,558.0
446,0.0,0.0,7.4143486,280.0,558.0
447,549.5227261808121,-96.89568313814712,7.15428972,280.0,558.0
448,0.0,0.0,7.4289608,281.0,558.0
449,547.7479683637965,-106.471419420112,7.25670147,281.0,558.0
450,0.0,0.0,7.43091917,282.0,558.0
451,545.8063612094636,-116.01472347630971,7.33451033,282.0,558.0
452,0.0,0.0,7.44979191,283.0,558.0
453,543.6984961501613,-125.52268832387668,7.39969158,283.0,558.0
454,0.0,0.0,7.47348738,284.0,558.0
455,541.425015262006,-134.99241774461458,7.42275476,284.0,558.0
456,0.0,0.0,7.45735931,285.0,558.0
457,538.9866110693001,-144.42102716720657,7.46161175,285.0,558.0
458,0.0,0.0,7.47506523,286.0,558.0
459,536.3840263335819,-153.80564454588554,7.49170971,286.0,558.0
460,0.0,0.0,7.47166967,287.0,558.0
461,533.6180538273737,-163.14341123528712,7.50204945,287.0,558.0
462,0.0,0.0,7.4805398,288.0,558.0
463,530.6895360926957,-172.43148286122064,7.52112341,288.0,558.0
464,0.0,0.0,7.48350382,289.0,558.0
465,527.5993651844188,-181.66703018709345,7.51905107,289.0,558.0
466,0.0,0.0,7.49313688,290.0,558.0
467,524.3484823985369,-190.84723997572314,7.51708794,290.0,558.0
468,0.0,0.0,7.48533154,291.0,558.0
469,520.9378779854386,-199.96931584627754,7.5290451,291.0,558.0
470,0.0,0.0,7.49371195,292.0,558.0
471,517.3685908482673,-209.03047912607892,7.5254159,292.0,558.0
472,0.0,0.0,7.49623442,293.0,558.0
473,513.6417082264617,-218.02796969701475,7.53305054,293.0,558.0
474,0.0,0.0,7.4913187,294.0,558.0
475,509.75836536457126,-226.95904683629652,7.53248119,294.0,558.0
476,0.0,0.0,7.50931597,295.0,558.0
477,505.71974516645065,-235.82099005131028,7.53774881,295.0,558.0
478,0.0,0.0,7.50573301,296.0,558.0
479,501.5270778349352,-244.6110999083052,7.55843782,296.0,558.0
480,0.0,0.0,7.51067162,297.0,558.0
481,497.1816404971093,-253.3266988546671,7.5620575,297.0,558.0
482,0.0,0.0,7.52392912,298.0,558.0
483,492.6847568152813,-261.9651320345271,7.55353642,298.0,558.0
484,0.0,0.0,7.51949644,299.0,558.0
485,488.03779658378284,-270.52376809745607,7.56399012,299.0,558.0
486,0.0,0.0,7.52702665,300.0,558.0
487,483.2421753117168,-278.99999999999994,7.56394434,300.0,558.0
488,0.0,0.0,7.53335524,240.0,651.0
489,563.7825378636696,325.49999999999994,7.56699276,240.0,651.0
490,0.0,0.0,7.53040695,241.0,651.0
491,569.3774293477467,315.61106278036544,7.55820847,241.0,651.0
492,0.0,0.0,7.52339745,242.0,651.0
493,574.7988829511614,305.6259873736149,7.56231928,242.0,651.0
494,0.0,0.0,7.53442717,243.0,651.0
495,580.0452472466275,295.5478153304449,7.53554916,243.0,651.0
496,0.0,0.0,7.52401972,244.0,651.0
497,585.1149241407577,285.3796165596894,7.52352285,244.0,651.0
498,0.0,0.0,7.50825214,245.0,651.0
499,590.0063693608591,275.12448839319535,7.54320192,245.0,651.0
500,0.0,0.0,7.51200438,246.0,651.0
501,594.7180929253332,264.7855546423459,7.53622341,246.0,651.0
502,0.0,0.0,7.50206661,247.0,651.0
503,599.2486595975387,254.36596464651723,7.52620888,247.0,651.0
504,0.0,0.0,7.4896121,248.0,651.0
505,603.5966893229786,243.86889231375872,7.5243516,248.0,651.0
506,0.0,0.0,7.49198532,249.0,651.0
507,607.7608576496783,233.29753515399048,7.52111149,249.0,651.0
508,0.0,0.0,7.48829794,250.0,651.0
509,611.7398961316264,222.65511330501033,7.52095842,250.0,651.0
510,0.0,0.0,7.48853016,251.0,651.0
511,615.5325927151553,211.944868551609,7.51190948,251.0,651.0
512,0.0,0.0,7.48225069,252.0,651.0
513,619.1377921081449,201.17006333809076,7.5052762,252.0,651.0
514,0.0,0.0,7.48058748,253.0,651.0
515,622.5543961319361,190.33397977450164,7.50028753,253.0,651.0
516,0.0,0.0,7.48916578,254.0,651.0
517,625.7813640558456,179.43991863686645,7.48319817,254.0,651.0
518,0.0,0.0,7.46588421,255.0,651.0
519,628.8177129141835,168.491198361741,7.47637367,255.0,651.0
520,0.0,0.0,7.45188046,256.0,651.0
521,631.6625178056737,157.4911540353837,7.45808744,256.0,651.0
522,0.0,0.0,7.45852041,257.0,651.0
523,634.3149121751882,146.44313637785612,7.42397785,257.0,651.0
524,0.0,0.0,7.45891094,258.0,651.0
525,636.7740880777075,135.35051072236132,7.39162588,258.0,651.0
526,0.0,0.0,7.44275904,259.0,651.0
527,639.0392964244293,124.21665599013066,7.3475771,259.0,651.0
528,0.0,0.0,7.42903328,260.0,651.0
529,641.1098472109475,113.04496366117165,7.25284958,260.0,651.0
530,0.0,0.0,7.43032646,261.0,651.0
531,642.9851097274346,101.83883674119029,7.13179493,261.0,651.0
532,0.0,0.0,7.42567301,262.0,651.0
533,644.6645127507624,90.6016887250026,6.98529959,262.0,651.0
534,0.0,0.0,7.41958904,263.0,651.0
535,646.1475447185006,79.33694255675101,6.79681301,263.0,651.0
536,0.0,0.0,7.41567993,264.0,651.0
537,647.4337538847459,68.04802958724241,6.58215714,264.0,651.0
538,0.0,0.0,7.41150761,265.0,651.0
539,648.5227484577264,56.738388528725466,6.38757515,265.0,651.0
540,0.0,0.0,7.40027857,266.0,651.0
541,649.4141967191456,45.41146440742557,6.18874693,266.0,651.0
542,0.0,0.0,7.39487696,267.0,651.0
543,650.1078271252276,34.07070751415644,5.98113489,267.0,651.0
544,0.0,0.0,7.39368153,268.0,651.0
545,650.6034283894313,22.719572353328132,5.82233715,268.0,651.0
546,0.0,0.0,7.41567421,269.0,651.0
547,650.9008495468107,11.361516590671567,5.71403313,269.0,651.0
548,0.0,0.0,7.43962002,270.0,651.0
549,651.0,0.0,5.68417549,270.0,651.0
550,0.0,0.0,7.41619444,271.0,651.0
551,650.9008495468107,-11.361516590671567,5.75853014,271.0,651.0
552,0.0,0.0,7.39504862,272.0,651.0
553,650.6034283894313,-22.719572353328132,5.90608025,272.0,651.0
554,0.0,0.0,7.39553452,273.0,651.0
555,650.1078271252276,-34.07070751415644,6.0836277,273.0,651.0
556,0.0,0.0,7.40000725,274.0,651.0
557,649.4141967191456,-45.41146440742557,6.29553938,274.0,651.0
558,0.0,0.0,7.41203976,275.0,651.0
559,648.5227484577264,-56.738388528725466,6.48553944,275.0,651.0
560,0.0,0.0,7.41627264,276.0,651.0
561,647.4337538847459,-68.04802958724241,6.66519308,276.0,651.0
562,0.0,0.0,7.41993284,277.0,651.0
563,646.1475447185006,-79.33694255675101,6.88324547,277.0,651.0
564,0.0,0.0,7.42563534,278.0,651.0
565,644.6645127507624,-90.6016887250026,7.05128384,278.0,651.0
566,0.0,0.0,7.4302516,279.0,651.0
567,642.9851097274346,-101.83883674119029,7.18087721,279.0,651.0
568,0.0,0.0,7.42940331,280.0,651.0
569,641.1098472109475,-113.04496366117165,7.28930187,280.0,651.0
570,0.0,0.0,7.44326925,281.0,651.0
571,639.0392964244293,-124.21665599013066,7.37348557,281.0,651.0
572,0.0,0.0,7.45970774,282.0,651.0
573,636.7740880777075,-135.35051072236132,7.41030312,282.0,651.0
574,0.0,0.0,7.45874357,283.0,651.0
575,634.3149121751882,-146.44313637785612,7.43729877,283.0,651.0
576,0.0,0.0,7.45210075,284.0,651.0
577,631.6625178056737,-157.4911540353837,7.46751547,284.0,651.0
578,0.0,0.0,7.46581125,285.0,651.0
579,628.8177129141835,-168.491198361741,7.48323536,285.0,651.0
580,0.0,0.0,7.48909712,286.0,651.0
581,625.7813640558456,-179.43991863686645,7.48850918,286.0,651.0
582,0.0,0.0,7.48076296,287.0,651.0
583,622.5543961319361,-190.33397977450164,7.50371838,287.0,651.0
584,0.0,0.0,7.48313236,288.0,651.0
585,619.1377921081449,-201.17006333809076,7.50845861,288.0,651.0
586,0.0,0.0,7.48821115,289.0,651.0
587,615.5325927151553,-211.944868551609,7.5137043,289.0,651.0
588,0.0,0.0,7.48829365,290.0,651.0
589,611.7398961316264,-222.65511330501033,7.52254248,290.0,651.0
590,0.0,0.0,7.49097443,291.0,651.0
591,607.7608576496783,-233.29753515399048,7.52275467,291.0,651.0
592,0.0,0.0,7.48897552,292.0,651.0
593,603.5966893229786,-243.86889231375872,7.52577639,292.0,651.0
594,0.0,0.0,7.50149298,293.0,651.0
595,599.2486595975387,-254.36596464651723,7.52720642,293.0,651.0
596,0.0,0.0,7.51140738,294.0,651.0
597,594.7180929253332,-264.7855546423459,7.53708506,294.0,651.0
598,0.0,0.0,7.50812578,295.0,651.0
599,590.0063693608591,-275.12448839319535,7.54367208,295.0,651.0
600,0.0,0.0,7.5243206,296.0,651.0
601,585.1149241407577,-285.3796165596894,7.52398825,296.0,651.0
602,0.0,0.0,7.53377819,297.0,651.0
603,580.0452472466275,-295.5478153304449,7.53536129,297.0,651.0
604,0.0,0.0,7.5230422,298.0,651.0
605,574.7988829511614,-305.6259873736149,7.56212997,298.0,651.0
606,0.0,0.0,7.5300293,299.0,651.0
607,569.3774293477467,-315.61106278036544,7.55811882,299.0,651.0
608,0.0,0.0,7.53317928,300.0,651.0
609,563.7825378636696,-325.49999999999994,7.56672239,300.0,651.0
610,0.0,0.0,7.4523468,270.0,800.0
611,800.0,0.0,6.03850603,270.0,800.0
612,0.0,0.0,7.43553495,272.0,800.0
613,799.5126616152766,-27.919597362000776,6.25895786,272.0,800.0
614,0.0,0.0,7.41623306,275.0,800.0
615,796.9557584733965,-69.72459419812654,6.80340624,275.0,800.0
616,0.0,0.0,7.44550419,280.0,800.0
617,787.8462024097664,-138.91854213354426,7.41978168,280.0,800.0
618,0.0,0.0,7.70023012,286.0,800.0
619,769.0093567506551,-220.50988465359933,7.72957134,286.0,800.0
620,0.0,0.0,7.45723677,270.0,1000.0
621,1000.0,0.0,6.21452332,270.0,1000.0
622,0.0,0.0,7.40439081,273.0,1000.0
623,998.6295347545738,-52.33595624294384,6.63458586,273.0,1000.0
624,0.0,0.0,7.40199327,276.0,1000.0
625,994.5218953682732,-104.52846326765346,7.18579817,276.0,1000.0
626,0.0,0.0,7.40470076,278.0,1000.0
627,990.2680687415703,-139.17310096006543,7.36216021,278.0,1000.0
628,0.0,0.0,7.41351128,279.0,1000.0
629,987.6883405951378,-156.43446504023086,7.40769482,279.0,1000.0
630,0.0,0.0,7.47331285,283.0,1000.0
631,974.3700647852353,-224.951054343865,7.52480078,283.0,1000.0
632,0.0,0.0,7.68613148,288.0,1000.0
633,951.0565162951535,-309.0169943749474,7.74985552,288.0,1000.0
634,0.0,0.0,7.46019936,270.0,1250.0
635,1250.0,0.0,6.39994764,270.0,1250.0
636,0.0,0.0,7.39923334,272.0,1250.0
637,1249.2385337738697,-43.624370878126214,6.64550638,272.0,1250.0
638,0.0,0.0,7.38361597,274.0,1250.0
639,1246.9550628247803,-87.19559218015662,7.05550957,274.0,1250.0
640,0.0,0.0,7.39115858,277.0,1250.0
641,1240.6826895516524,-152.33667925643434,7.37663317,277.0,1250.0
642,0.0,0.0,7.40591097,280.0,1250.0
643,1231.00969126526,-217.06022208366292,7.45374918,280.0,1250.0
644,0.0,0.0,7.42745066,281.0,1250.0
645,1227.03397930958,-238.511244220681,7.47448874,281.0,1250.0
646,0.0,0.0,7.48167515,270.0,1500.0
647,1500.0,0.0,6.53849316,270.0,1500.0
648,0.0,0.0,7.40901566,271.0,1500.0
649,1499.771542734587,-26.178609655925268,6.69162607,271.0,1500.0
650,0.0,0.0,7.4146719,272.0,1500.0
651,1499.0862405286437,-52.34924505375145,6.82947588,272.0,1500.0
652,0.0,0.0,7.38846731,273.0,1500.0
653,1497.9443021318607,-78.50393436441576,7.08779907,273.0,1500.0
654,0.0,0.0,7.39882183,274.0,1500.0
655,1496.3460753897364,-104.63471061618796,7.21206665,274.0,1500.0
656,0.0,0.0,7.41290426,278.0,1500.0
657,1485.4021031123555,-208.75965144009817,7.45958614,278.0,1500.0
658,0.0,0.0,7.53222513,270.0,1750.0
659,1750.0,0.0,6.68958282,270.0,1750.0
660,0.0,0.0,7.33855963,274.0,1750.0
661,1745.7370879546922,-122.07382905221928,7.11985397,274.0,1750.0
662,0.0,0.0,7.34756279,275.0,1750.0
663,1743.3407216605547,-152.52254980840178,7.24351978,275.0,1750.0
664,0.0,0.0,7.36089659,276.0,1750.0
665,1740.4133168944782,-182.9248107183936,7.31758261,276.0,1750.0
666,0.0,0.0,7.44279051,279.0,1750.0
667,1728.4545960414912,-273.760313820404,7.42407846,279.0,1750.0
668,0.0,0.0,7.4527688,270.0,2000.0
669,2000.0,0.0,6.79319382,270.0,2000.0
670,0.0,0.0,7.39982271,278.0,2000.0
671,1980.5361374831407,-278.34620192013085,7.43748713,278.0,2000.0
672,0.0,0.0,7.4132781,270.0,2250.0
673,2250.0,0.0,6.87741995,270.0,2250.0
674,0.0,0.0,7.31802702,271.0,2250.0
675,2249.6573141018803,-39.2679144838879,6.95839691,271.0,2250.0
676,0.0,0.0,7.27723598,274.0,2250.0
677,2244.5191130846047,-156.95206592428192,7.32785082,274.0,2250.0
678,0.0,0.0,7.43873167,270.0,2500.0
679,2500.0,0.0,7.01481533,270.0,2500.0
680,0.0,0.0,7.37323952,272.0,2500.0
681,2498.4770675477394,-87.24874175625243,7.08049536,272.0,2500.0
682,0.0,0.0,7.469522,270.0,2750.0
683,2750.0,0.0,7.05552101,270.0,2750.0
684,0.0,0.0,7.41372108,275.0,2750.0
685,2739.5354197523,-239.67829255605994,7.42320585,275.0,2750.0
686,0.0,0.0,7.44961691,270.0,3000.0
687,3000.0,0.0,7.11744308,270.0,3000.0
688,0.0,0.0,7.43418789,272.0,3000.0
689,2998.1724810572873,-104.6984901075029,7.18032932,272.0,3000.0
690,0.0,0.0,7.39433336,270.0,3200.0
691,3200.0,0.0,7.12974787,270.0,3200.0
692,0.0,0.0,7.47429705,273.0,3200.0
693,3195.6145112146364,-167.47505997742027,7.38448048,273.0,3200.0
694,0.0,0.0,7.46419287,275.0,3200.0
695,3187.823033893586,-278.89837679250616,7.51326609,275.0,3200.0
696,0.0,0.0,7.40092897,270.0,3500.0
697,3500.0,0.0,7.22237682,270.0,3500.0
698,0.0,0.0,7.50444698,271.0,3500.0
699,3499.4669330473694,-61.08342253049229,7.24513388,271.0,3500.0
700,0.0,0.0,7.48327446,273.0,3500.0
701,3495.2033716410083,-183.17584685030343,7.38461351,273.0,3500.0
702,0.0,0.0,7.43314028,270.0,4000.0
703,4000.0,0.0,7.18332148,270.0,4000.0
