,Fingerprint(G2),Fingerprint(G4),Ref_Wind_Speed
0,1.0,1.0,7.32766294
1,1.0,1.0,7.3696146
2,0.9254987068282061,0.7790700958811385,7.30516195
3,1.0,1.0,7.30057335
4,1.0,1.0,7.40046787
5,0.9894823059388507,0.9840660016707051,7.45098972
6,1.0,1.0,7.33319044
7,1.0,1.0,7.35395145
8,0.9703932072929758,0.9075833964746102,7.16639519
9,1.0,1.0,7.32573605
10,1.0,1.0,7.36060095
11,0.9660962331772815,0.8790310134275732,6.84889698
12,1.0,1.0,7.32431698
13,1.0,1.0,7.36216736
14,0.8596110921071612,0.6341900288015274,7.17752409
15,1.0,1.0,7.32649183
16,0.9605404988581191,0.9040880250603819,7.38386154
17,0.7540575601332851,0.3396779204737558,6.07239008
18,1.0,1.0,7.32636499
19,1.0,1.0,7.3899827
20,0.9594277812649769,0.8854882996872224,7.22809172
21,1.0,1.0,7.32798147
22,0.9679975282020732,0.8839185971069838,6.88924026
23,1.0,1.0,7.36707449
24,1.0,1.0,7.32007408
25,0.7294616917549586,0.6754340489906571,7.16640759
26,1.0,1.0,7.36771536
27,1.0,1.0,7.32353592
28,1.0,1.0,7.35471201
29,0.9885187974629871,0.9741206239610839,7.17393637
30,1.0,1.0,7.32433033
31,0.9573042236601088,0.8883321091625693,7.25673532
32,1.0,1.0,7.35991526
33,1.0,1.0,7.32551193
34,1.0,1.0,7.42234612
35,1.0,1.0,7.33626223
36,1.0,1.0,7.32048368
37,0.9909170197849807,0.9799503689778853,7.41080999
38,1.0,1.0,7.33716297
39,1.0,1.0,7.27778149
40,1.0,1.0,7.4267149
41,0.3575263266246008,0.1831238932755267,4.90979958
42,1.0,1.0,7.32543612
43,1.0,1.0,7.37801313
44,0.8555989864528619,0.8447960990703762,7.30752182
45,1.0,1.0,7.33737803
46,0.9791094497335907,0.9326896212657759,6.96568537
47,1.0,1.0,7.38414717
48,1.0,1.0,7.32603407
49,0.9505007953211004,0.8539163611086169,7.35407686
50,1.0,1.0,7.34822035
51,1.0,1.0,7.33695078
52,0.9555392363904406,0.8377954979216066,6.7866025
53,1.0,1.0,7.34048939
54,1.0,1.0,7.32867622
55,1.0,1.0,7.33867645
56,0.3825867572427178,0.36518642211614133,5.8302927
57,1.0,1.0,7.32939434
58,0.8822624114814587,0.7250804164631393,7.35614252
59,0.744083113473913,0.44443540992754815,6.56862497
60,1.0,1.0,7.32935476
61,0.954200942354311,0.850006484835975,7.13994455
62,0.9004216845368416,0.6433280038837073,6.47386646
63,1.0,1.0,7.31291246
64,1.0,1.0,7.41792536
65,1.0,1.0,7.37258196
66,1.0,1.0,7.32871819
67,0.8433519237658247,0.5749239473169525,6.8349719
68,0.9739213156547255,0.9364365574934636,7.37997532
69,1.0,1.0,7.30681944
70,0.9256684428345349,0.7750736726752452,7.02209044
71,1.0,1.0,7.40123367
72,1.0,1.0,7.32696629
73,1.0,1.0,7.36104774
74,0.8061048955852161,0.8639531960709643,7.22434473
75,1.0,1.0,7.31979752
76,0.8633998959418979,0.6505836478641237,6.80617666
77,1.0,1.0,7.37903786
78,1.0,1.0,7.31824493
79,0.9959435635807958,0.9918909552743593,7.40687466
80,0.6034463204753977,0.2770281020882658,5.74155998
81,1.0,1.0,7.31465673
82,0.9553956329815506,0.8955978112468653,7.21130228
83,1.0,1.0,7.39051294
84,1.0,1.0,7.32980347
85,0.9789671457447208,0.9560040130053766,7.35985184
86,0.9068408083117421,0.6655679732437515,6.52383041
87,1.0,1.0,7.32943249
88,1.0,1.0,7.33835411
89,0.9783130280608752,0.9337183421951982,7.07203674
90,1.0,1.0,7.32067013
91,0.9122767470348658,0.6571759935249151,6.46467066
92,1.0,1.0,7.31171179
93,1.0,1.0,7.32942486
94,1.0,1.0,7.3643899
95,0.9286382703113862,0.7812354050273945,7.14242458
96,1.0,1.0,7.32670736
97,0.9880405786349357,0.9705470733969885,7.11734056
98,1.0,1.0,7.38426304
99,1.0,1.0,7.28882408
100,1.0,1.0,7.37040663
101,0.9839542306294372,0.9714547856217033,7.41473866
102,1.0,1.0,7.31532955
103,1.0,1.0,7.36052418
104,0.7516423270036194,0.46779523094570324,7.25162983
105,1.0,1.0,7.32945156
106,0.9682571636579037,0.9315138207042609,7.35850191
107,0.9556735662286778,0.859965819472213,7.16257763
108,1.0,1.0,7.29795885
109,0.4824370225603959,0.4581262663938602,6.39741707
110,1.0,1.0,7.40038061
111,1.0,1.0,7.32772112
112,1.0,1.0,7.37205935
113,0.8890775896523799,0.6599141648291452,7.10931349
114,1.0,1.0,7.31667948
115,0.9575585209985289,0.9004711074835917,7.40194845
116,0.5810690669716261,0.20258007032407388,5.47514963
117,1.0,1.0,7.32850361
118,0.9947297707550297,0.9934686731015608,7.42718649
119,0.832142061060505,0.5084521333922131,6.42488909
120,1.0,1.0,7.32765675
121,1.0,1.0,7.40589714
122,0.9229729711729667,0.7735782586004099,7.33634567
123,1.0,1.0,7.33237457
124,0.9959485021004193,0.9926473888720577,7.20641899
125,1.0,1.0,7.38507891
126,1.0,1.0,7.28663397
127,0.8691044551415029,0.6001446735187267,6.76998329
128,1.0,1.0,7.40660429
129,1.0,1.0,7.32629681
130,0.8983562091408881,0.9071901729606778,7.32294655
131,1.0,1.0,7.33437204
132,1.0,1.0,7.32696724
133,0.7755727012480581,0.4067499555242864,6.1532526
134,0.7993298764694885,0.5629177825769005,7.11591768
135,1.0,1.0,7.32266474
136,1.0,1.0,7.37243795
137,0.9364344583232493,0.7661179651000192,6.66176558
138,1.0,1.0,7.32057238
139,0.6529843724350306,0.47778143929902683,6.87732649
140,0.9425319401122954,0.8655688920382494,7.3827033
141,1.0,1.0,7.31261206
142,1.0,1.0,7.37811995
143,0.9810766988449642,0.9603474136716766,7.40470314
144,1.0,1.0,7.30361652
145,1.0,1.0,7.33649778
146,0.8573979900928093,0.6526245176948279,7.25171423
147,1.0,1.0,7.32321739
148,1.0,1.0,7.38986683
149,0.8387518798165187,0.7977273907682391,7.28457355
150,1.0,1.0,7.32594585
151,0.9235026533195277,0.6925359400905953,6.5169816
152,1.0,1.0,7.32956028
153,1.0,1.0,7.32655001
154,0.9660956156710957,0.9265314866747236,7.41806316
155,1.0,1.0,7.39242983
156,1.0,1.0,7.3263464
157,1.0,1.0,7.41614866
158,1.0,1.0,7.35447216
159,1.0,1.0,7.32206821
160,0.9951341190698371,0.9950850837205718,7.3107419
161,0.9998192700838656,0.9996473234673365,7.44408751
162,1.0,1.0,7.32919121
163,1.0,1.0,7.36469793
164,0.7836302874766327,0.44611339526881555,6.37569666
165,1.0,1.0,7.32977438
166,1.0,1.0,7.36519527
167,0.9753391384892698,0.9219681452089362,6.99148178
168,1.0,1.0,7.28555059
169,1.0,1.0,7.42162704
170,1.0,1.0,7.36393404
171,1.0,1.0,7.32980728
172,0.8916616490766271,0.6111685370009252,6.40664387
173,1.0,1.0,7.41643
174,1.0,1.0,7.32949162
175,0.9475753618862234,0.8098828441189722,7.0754981
176,0.9846814623259591,0.9693431035129476,7.44029951
177,1.0,1.0,7.32409143
178,0.9062046371257381,0.7046896100357034,6.90102959
179,0.719254224180403,0.5334535479645675,7.18272448
180,1.0,1.0,7.31817579
181,1.0,1.0,7.34762096
182,0.9198726451589452,0.7333909843266978,6.62040949
183,1.0,1.0,7.32748318
184,0.9582825634251158,0.9045556452265511,7.37490368
185,1.0,1.0,7.39568186
186,1.0,1.0,7.32949066
187,0.9365789921250738,0.816562061550808,7.37651587
188,1.0,1.0,7.38707399
189,1.0,1.0,7.32519865
190,0.99309730615272,0.986493446427712,7.37042999
191,1.0,1.0,7.42172909
192,1.0,1.0,7.31588554
193,1.0,1.0,7.34841871
194,0.9376802983623437,0.76693864436966,6.65199804
195,1.0,1.0,7.3167882
196,0.9215126752202635,0.7531952095447634,6.64203835
197,0.7793616828357556,0.7763737436474987,7.27429342
198,1.0,1.0,7.31012297
199,1.0,1.0,7.37331533
200,0.9090915217004666,0.720383757677128,7.08476973
201,1.0,1.0,7.33520937
202,1.0,1.0,7.41890955
203,0.6640737507471904,0.33251940590791196,6.86467314
204,1.0,1.0,7.32410097
205,1.0,1.0,7.36039019
206,0.905342737983388,0.7205945737769587,7.09463358
207,1.0,1.0,7.33026028
208,0.8485118964606855,0.5508741059743785,6.647089
209,1.0,1.0,7.34192991
210,1.0,1.0,7.31987524
211,0.6963500501725289,0.35264268355660855,6.61802292
212,1.0,1.0,7.37256289
213,1.0,1.0,7.31997681
214,1.0,1.0,7.37254286
215,0.9414589368378393,0.8428613579197276,7.14333153
216,1.0,1.0,7.32838964
217,1.0,1.0,7.37471676
218,0.9512067231307053,0.8763880545243005,7.17857981
219,1.0,1.0,7.3043623
220,0.9122261461555279,0.8120458822114369,7.44091177
221,1.0,1.0,7.37776184
222,1.0,1.0,7.32715845
223,0.9444619157400834,0.9112428461698269,7.36487627
224,0.4849219617828156,0.25971288964784844,6.07476139
225,1.0,1.0,7.32889462
226,1.0,1.0,7.35185337
227,0.9763036414880006,0.9407608357683745,7.2851572
228,1.0,1.0,7.32664442
229,1.0,1.0,7.39454079
230,0.9143720755861982,0.6998769776425829,6.69688129
231,1.0,1.0,7.32799721
232,0.999758572991245,0.9996333592668853,7.46449232
233,1.0,1.0,7.35750628
234,1.0,1.0,7.32752514
235,1.0,1.0,7.400805
236,1.0,1.0,7.3428483
237,1.0,1.0,7.32854462
238,0.8438610146771381,0.5363900945550512,6.64867115
239,0.9744401851425789,0.9409240234189483,7.39449167
240,1.0,1.0,7.32568169
241,0.30812690088430805,0.25579037385098463,4.95006943
242,0.7780588900416503,0.5015352729182134,6.81008863
243,1.0,1.0,7.27535439
244,1.0,1.0,7.38173819
245,0.9986235639518157,0.9978903908212556,7.48849821
246,1.0,1.0,7.32836723
247,0.8910856300916107,0.9429775400640478,7.28605747
248,1.0,1.0,7.34039307
249,1.0,1.0,7.33385038
250,1.0,1.0,7.3881917
251,0.9414436518852787,0.7644776801851316,6.63271999
252,1.0,1.0,7.32709551
253,0.8959381383667004,0.6787711389565523,7.01746893
254,1.0,1.0,7.34600401
255,1.0,1.0,7.33558464
256,0.9851034586717241,0.9609096185896168,7.10420799
257,1.0,1.0,7.34741974
258,1.0,1.0,7.33069706
259,1.0,1.0,7.35755348
260,0.8590555126066117,0.5947721557510874,6.92159843
261,1.0,1.0,7.32842255
262,0.7168109118319843,0.477071934773038,7.09013414
263,1.0,1.0,7.38267517
264,1.0,1.0,7.33018303
265,0.9900695092196643,0.9772845924876775,7.11883974
266,0.9886882729471141,0.9751427252839253,7.40453196
267,1.0,1.0,7.32898092
268,1.0,1.0,7.30297947
269,0.3661617267284424,0.2794223097340336,5.17052031
270,1.0,1.0,7.32239008
271,0.9999902201770123,0.9999816950549014,7.41355085
272,1.0,1.0,7.36312103
273,1.0,1.0,7.32912397
274,1.0,1.0,7.36456156
275,0.9158034520297323,0.7474242585997476,7.23420525
276,1.0,1.0,7.31959438
277,0.645067007118532,0.495027385383639,6.90746021
278,0.9064626106150651,0.7281294752425438,7.1947875
279,1.0,1.0,7.33600044
280,0.897422539729469,0.6408705539952424,6.63017416
281,1.0,1.0,7.35868502
282,1.0,1.0,7.31470728
283,1.0,1.0,7.39611149
284,0.8803564303122929,0.6982452606523136,7.29750967
285,1.0,1.0,7.32399845
286,0.41970188142051224,0.3258840724072458,5.60886717
287,1.0,1.0,7.28523588
288,1.0,1.0,7.32517242
289,1.0,1.0,7.39934969
290,0.9742600644135253,0.9107355137573905,6.9314599
291,1.0,1.0,7.33036089
292,0.9865713467162185,0.9735778933884214,7.40847731
293,1.0,1.0,7.41562033
294,1.0,1.0,7.33889008
295,1.0,1.0,7.36263275
296,0.9822029975781058,0.9573786630943778,7.35859156
297,1.0,1.0,7.32813883
298,0.9949195618847827,0.9922461009441887,7.41080379
299,1.0,1.0,7.34592628
300,1.0,1.0,7.31604195
301,0.628604465681608,0.5560927330925116,6.94915676
302,0.9510474064457751,0.8962100910075179,7.40927505
303,1.0,1.0,7.32420301
304,0.9573153002508599,0.8546041553431992,7.11243057
305,1.0,1.0,7.3761425
306,1.0,1.0,7.33000755
307,0.7937802721256995,0.4416525980539126,6.29368401
308,1.0,1.0,7.40852928
309,1.0,1.0,7.32848978
310,0.7196994219453545,0.26278598470329073,5.89309692
311,0.8370671843839401,0.45357511072161005,6.22670746
312,1.0,1.0,7.31737661
313,0.6102711389788817,0.31833947111703087,6.07161665
314,0.6657032556357997,0.48016000605757664,7.25438976
315,1.0,1.0,7.33027983
316,1.0,1.0,7.45928907
317,0.9472339755974806,0.8558392663757632,7.37629938
318,1.0,1.0,7.32843018
319,0.9853221194084473,0.9669294604685749,7.36643171
320,1.0,1.0,7.40619802
321,1.0,1.0,7.32522821
322,0.9733495551305666,0.9275276158979741,7.26661539
323,1.0,1.0,7.38447762
324,1.0,1.0,7.26591492
325,0.31965888676172016,0.15101502080135765,4.75134897
326,0.9769306418585838,0.9552960998205142,7.3414278
327,1.0,1.0,7.33002758
328,1.0,1.0,7.45386696
329,0.929020092903098,0.7698927900033724,7.08026075
330,1.0,1.0,7.32786846
331,1.0,1.0,7.35695553
332,0.9818515536417239,0.9582089228989291,7.37727785
333,1.0,1.0,7.32687378
334,0.787219802525842,0.6249502125064528,7.30514956
335,1.0,1.0,7.40280437
336,1.0,1.0,7.31990099
337,0.7022477192147065,0.4455944438282933,6.74199247
338,1.0,1.0,7.38395929
339,1.0,1.0,7.32892561
340,1.0,1.0,7.36319828
341,1.0,1.0,7.38536596
342,1.0,1.0,7.29579353
343,1.0,1.0,7.36823463
344,0.5342255437526628,0.20725543687977807,6.07659292
345,1.0,1.0,7.30702829
346,1.0,1.0,7.34290934
347,0.9836893307033332,0.9650822177290771,7.43817139
348,1.0,1.0,7.32681513
349,0.9527819887891061,0.8749261348708973,7.39581347
350,1.0,1.0,7.37704134
351,1.0,1.0,7.32686424
352,0.9912782926379299,0.9806496438636856,7.42688227
353,1.0,1.0,7.39671612
354,1.0,1.0,7.30532885
355,1.0,1.0,7.37348652
356,0.4854762095156522,0.10483411472000648,5.13134241
357,1.0,1.0,7.32490301
358,0.8132609718425986,0.4298565913464655,6.21671152
359,0.8466890783526579,0.7925867214093928,7.29381275
360,1.0,1.0,7.36608219
361,0.7071113788847974,0.47790090981912275,6.25379753
362,0.704711822292589,0.45114979738080074,6.76901054
363,1.0,1.0,7.27799416
364,0.5630275755821159,0.6844875391798908,6.70242262
365,0.7318456102220342,0.7067398081700007,7.28418636
366,1.0,1.0,7.32623434
367,0.7952126981041566,0.49909425708486155,7.08157063
368,0.7597540687255175,0.42637516084778027,6.47143221
369,1.0,1.0,7.30087996
370,0.5114124994199309,0.4800397717945638,6.4960556
371,0.8716567107115463,0.7555816699755564,7.35874987
372,1.0,1.0,7.32256603
373,1.0,1.0,7.34404659
374,0.999944475322257,0.9999439217782573,7.4148078
375,1.0,1.0,7.32565737
376,0.8912451544250937,0.620137263468826,6.49063969
377,0.7627953109776962,0.537399379070882,7.03926754
378,1.0,1.0,7.32981062
379,0.9841166783564391,0.9626184508040293,7.26319981
380,1.0,1.0,7.39037275
381,1.0,1.0,7.2772851
382,0.3579732421513717,0.2303560509405026,4.93771601
383,0.9251489669755885,0.8266297557515698,7.36997318
384,1.0,1.0,7.32059956
385,0.9703383470404313,0.8903578857268908,6.85645676
386,1.0,1.0,7.38766861
387,1.0,1.0,7.28614187
388,0.9788606994171748,0.9528135259604519,7.39293671
389,1.0,1.0,7.3901248
390,1.0,1.0,7.30901241
391,1.0,1.0,7.40794992
392,0.510754941827788,0.21282469785700786,5.33350515
393,1.0,1.0,7.30747318
394,0.5004670328944745,0.20009095557483147,5.36256599
395,1.0,1.0,7.40931416
396,1.0,1.0,7.31738424
397,1.0,1.0,7.3761282
398,0.8766456822045123,0.5429864829345885,6.35024691
399,1.0,1.0,7.33006239
400,0.603856955066181,0.4337610009686218,6.70713043
401,0.9417014294254495,0.8388702256734206,7.37282896
402,1.0,1.0,7.31179667
403,0.9226847986283683,0.7057956380939359,6.53265762
404,1.0,1.0,7.38675928
405,1.0,1.0,7.32705975
406,1.0,1.0,7.43345165
407,0.7711280286208289,0.3546768241216305,6.02745581
408,1.0,1.0,7.32776213
409,0.8193691006176981,0.5947340091217013,7.17313957
410,1.0,1.0,7.37457466
411,1.0,1.0,7.32371998
412,0.8689490524229768,0.6280388053528287,6.94685602
413,1.0,1.0,7.33738327
414,1.0,1.0,7.32609081
415,0.947126147829541,0.8466852900601964,7.33237028
416,1.0,1.0,7.34343815
417,1.0,1.0,7.32224274
418,1.0,1.0,7.34331179
419,0.9344060235286312,0.8179570352481452,7.11020803
420,1.0,1.0,7.3258667
421,0.7421851600995049,0.4667047259857252,6.64474297
422,0.9163263828351635,0.7681639297758234,7.34901953
423,1.0,1.0,7.30518007
424,1.0,1.0,7.40241766
425,0.5082165318684988,0.4422848305557088,6.30793571
426,1.0,1.0,7.32752991
427,0.615522030102923,0.22678713593892152,5.70007229
428,1.0,1.0,7.38672113
429,1.0,1.0,7.32487154
430,1.0,1.0,7.34497595
431,1.0,1.0,7.36947012
432,1.0,1.0,7.33431816
433,0.9699480186851951,0.9228485983270401,7.43144274
434,1.0,1.0,7.38332129
435,1.0,1.0,7.33278275
436,0.9212877402676812,0.7824295196500739,7.31194544
437,1.0,1.0,7.3510704
438,1.0,1.0,7.32037783
439,1.0,1.0,7.38432789
440,0.9335152601522133,0.7463499956678785,6.60903168
441,1.0,1.0,7.33365583
442,0.9192941720197291,0.8057357832706045,7.37871647
443,1.0,1.0,7.33232832
444,1.0,1.0,7.31787872
445,1.0,1.0,7.35329056
446,0.6030953120851862,0.34032644010413104,6.00563192
447,1.0,1.0,7.32989216
448,0.9535867230042115,0.842234251122485,7.02032232
449,0.8025891455418558,0.8283757734815929,7.20501995
450,1.0,1.0,7.32361317
451,1.0,1.0,7.36992693
452,0.745639200434445,0.30625191688214,6.06172228
453,1.0,1.0,7.32630348
454,0.7487674279169187,0.33587944631039546,6.08601046
455,0.9611976012869944,0.9167850486235903,7.4386034
456,1.0,1.0,7.33139372
457,0.8110435879464222,0.4511028162407035,6.25334406
458,1.0,1.0,7.35936832
459,1.0,1.0,7.32097626
460,0.9785907762886548,0.9489056264101703,7.14239073
461,1.0,1.0,7.38572836
462,1.0,1.0,7.31320763
463,0.928341017961167,0.9416242176215159,7.29824877
464,0.8511404320599341,0.5498468722065014,6.75292873
465,1.0,1.0,7.30392742
466,0.6371910405145019,0.45350784530108296,6.96635962
467,1.0,1.0,7.3691082
468,1.0,1.0,7.32738972
469,1.0,1.0,7.34460688
470,0.8237022850544155,0.5923959180206944,7.21042395
471,1.0,1.0,7.31426144
472,0.6465116657632561,0.6983049853665346,7.1032548
473,1.0,1.0,7.35671711
474,1.0,1.0,7.32876682
475,1.0,1.0,7.38880873
476,0.9864821503758447,0.97443444495251,7.43831921
477,1.0,1.0,7.33829165
478,1.0,1.0,7.35823727
479,0.906806501599984,0.6509770994659905,6.48371077
480,1.0,1.0,7.32780838
481,1.0,1.0,7.35695314
482,0.9744885873392097,0.911122429918205,6.95636272
483,1.0,1.0,7.31910324
484,0.6200827070651211,0.3276244948430226,5.98483753
485,1.0,1.0,7.39090014
486,1.0,1.0,7.31639624
487,1.0,1.0,7.33439827
488,0.8691630061046124,0.6823194496194902,7.30002832
489,1.0,1.0,7.31388235
490,1.0,1.0,7.37196255
491,0.7160561422769294,0.2494372877536153,5.91074371
492,1.0,1.0,7.31262493
493,0.9295454587317777,0.9427805151164779,7.31890106
494,0.9309723803508755,0.8151274916883051,7.34313822
495,1.0,1.0,7.28386497
496,0.8330361534788123,0.5118154627545498,6.6369648
497,1.0,1.0,7.37704372
498,1.0,1.0,7.32762861
499,1.0,1.0,7.35730457
500,0.8469743172770253,0.614356103637747,7.16096973
501,1.0,1.0,7.32829428
502,0.6443159767934639,0.5226790735103706,7.15483952
503,1.0,1.0,7.35934401
504,1.0,1.0,7.32348728
505,1.0,1.0,7.37598801
506,0.9465824907682465,0.8438086479153435,7.32781792
507,1.0,1.0,7.28989792
508,1.0,1.0,7.39542627
509,1.0,1.0,7.40624332
510,1.0,1.0,7.33846569
511,0.8795208137407161,0.760260028275424,7.37984467
512,1.0,1.0,7.37936354
513,1.0,1.0,7.32135105
514,0.9715689085288232,0.9163563998171141,7.32879829
515,1.0,1.0,7.35132742
516,1.0,1.0,7.32567549
517,1.0,1.0,7.39366913
518,0.9737907570694228,0.9222559886918745,7.25384378
519,1.0,1.0,7.30192041
520,1.0,1.0,7.34871435
521,1.0,1.0,7.35157824
522,1.0,1.0,7.31853247
523,0.9339855441300013,0.8127232310103012,7.34473753
524,1.0,1.0,7.37103271
525,1.0,1.0,7.30489111
526,1.0,1.0,7.4072032
527,0.4756105798045205,0.13065214227001687,5.12647915
528,1.0,1.0,7.27521992
529,1.0,1.0,7.38375854
530,0.3521960644002641,0.26065473270982176,4.95218277
531,1.0,1.0,7.32725286
532,1.0,1.0,7.33888245
533,0.9379675827101339,0.9485229932154828,7.33656216
534,1.0,1.0,7.32485485
535,1.0,1.0,7.34883261
536,0.7668844211928685,0.6247780976717678,7.28064632
537,1.0,1.0,7.32970524
538,1.0,1.0,7.42035961
539,0.846381122308252,0.6212138945905548,7.22844315
540,1.0,1.0,7.33668327
541,0.891441185701839,0.6625176551952001,6.97581339
542,1.0,1.0,7.37218618
543,1.0,1.0,7.2823
544,0.982495846580426,0.9619743066066824,7.39407492
545,1.0,1.0,7.344491
546,1.0,1.0,7.32621145
547,0.9807600403982166,0.9616602825435177,7.42869711
548,1.0,1.0,7.35268307
549,1.0,1.0,7.3259058
550,0.9823242841581415,0.9548477088599315,7.32944012
551,1.0,1.0,7.39567471
552,1.0,1.0,7.32933903
553,0.9193198403453928,0.7996226593807181,7.20314455
554,1.0,1.0,7.35191345
555,1.0,1.0,7.32381773
556,1.0,1.0,7.4495821
557,0.7129254082593544,0.5185960644849421,7.08774328
558,1.0,1.0,7.31809092
559,0.465389652394659,0.06769724027170476,5.07943153
560,1.0,1.0,7.33232355
561,1.0,1.0,7.31278038
562,1.0,1.0,7.37427616
563,0.8987555898563901,0.8122841253548636,7.35209131
564,1.0,1.0,7.32722521
565,0.9305741092468837,0.8040026050413384,7.3538208
566,1.0,1.0,7.34626961
567,1.0,1.0,7.29503012
568,0.8630063600595553,0.5504112748292952,6.36565685
569,1.0,1.0,7.40816307
570,1.0,1.0,7.32822037
571,0.8428631132678353,0.6570129039997985,7.28970671
572,0.7075943957035455,0.6361776624995441,7.25536251
573,1.0,1.0,7.26976061
574,0.41719646325230403,0.5286037740351817,6.44703627
575,1.0,1.0,7.39663839
576,1.0,1.0,7.30835915
577,0.45629326000345316,0.30953939837353994,5.68881321
578,1.0,1.0,7.36601257
579,1.0,1.0,7.32724714
580,1.0,1.0,7.37619162
581,0.9910421860187482,0.9871330247793132,7.42546463
582,1.0,1.0,7.32838726
583,0.9437216421750906,0.7807343012667021,6.62781239
584,1.0,1.0,7.36467648
585,1.0,1.0,7.32864237
586,1.0,1.0,7.36610794
587,0.9292935225854347,0.7215452161503602,6.60408354
588,1.0,1.0,7.32690525
589,1.0,1.0,7.39686108
590,0.9835197341053941,0.9584756611521946,7.34193134
591,1.0,1.0,7.32894468
592,0.9578912847346487,0.8735820098525188,7.06522274
593,0.848114231072203,0.6835414747944644,7.3162756
594,1.0,1.0,7.32989645
595,0.9298270130680324,0.7284252608284852,6.5538516
596,0.6042537084507117,0.21879345301282468,5.65767097
597,1.0,1.0,7.30891085
598,0.7539758925887442,0.7913775262470288,7.21022797
599,1.0,1.0,7.44504309
600,1.0,1.0,7.33870745
601,0.8685713588465722,0.670529970387804,7.24348879
602,1.0,1.0,7.32619858
603,1.0,1.0,7.29755259
604,1.0,1.0,7.42031145
605,0.46379865189651603,0.3828587994215249,6.0630827
606,1.0,1.0,7.32441854
607,1.0,1.0,7.36843777
608,0.7592627559693755,0.6523590264052814,7.27124643
609,1.0,1.0,7.32364988
610,1.0,1.0,7.36954737
611,1.0,1.0,7.4201827
612,1.0,1.0,7.32097197
613,1.0,1.0,7.34818459
614,0.9197058522460664,0.7788612562299861,7.0440979
615,1.0,1.0,7.31772852
616,0.8651151228312645,0.5458514841973954,6.31417847
617,1.0,1.0,7.35590267
618,1.0,1.0,7.31282473
619,0.8828176415873744,0.5794422621927215,6.38059235
620,1.0,1.0,7.37273073
621,1.0,1.0,7.32156134
622,1.0,1.0,7.3681879
623,1.0,1.0,7.43276215
624,1.0,1.0,7.32704258
625,0.9046140469172833,0.8464489365261672,7.31166887
626,0.6084466588569705,0.2524042922291683,6.08249664
627,1.0,1.0,7.33291912
628,1.0,1.0,7.33659363
629,0.9066824517717873,0.7136100747943714,7.20080805
630,1.0,1.0,7.32846975
631,0.5603674736682325,0.3015701979417358,5.94465017
632,1.0,1.0,7.31159067
633,1.0,1.0,7.32455111
634,0.6930824275895757,0.48658598033233613,6.96101665
635,1.0,1.0,7.35497379
636,1.0,1.0,7.32796621
637,1.0,1.0,7.33811808
638,0.954185835416505,0.9181104122526929,7.41242123
639,1.0,1.0,7.32779455
640,1.0,1.0,7.35615444
641,1.0,1.0,7.32328892
642,1.0,1.0,7.32682085
643,0.9633426682044958,0.9047828320912025,7.37766409
644,1.0,1.0,7.31698036
645,1.0,1.0,7.31210375
646,0.5948484383004604,0.5294070131241655,6.93927908
647,0.6686205695865269,0.39496633943253406,6.17928028
648,1.0,1.0,7.32853365
649,1.0,1.0,7.37415075
650,0.9818476790466562,0.9557467262169201,7.37669659
651,1.0,1.0,7.32572746
652,1.0,1.0,7.38658142
653,0.9068933618543702,0.6990138848721632,6.96393108
654,1.0,1.0,7.33196545
655,0.9722664100017218,0.9151498161416085,7.25989056
656,1.0,1.0,7.31001377
657,1.0,1.0,7.3192296
658,1.0,1.0,7.40752411
659,1.0,1.0,7.3623023
660,1.0,1.0,7.32847691
661,0.8359708597241431,0.5342857994760604,6.69938087
662,0.921502074519585,0.8034115205233362,7.43964577
663,1.0,1.0,7.32484484
664,0.7604275417803414,0.465986750354615,6.57849312
665,0.5447865372834864,0.4938158323524027,6.89456463
666,1.0,1.0,7.33011961
667,0.9485046593767338,0.8051291413478945,6.76721287
668,0.7857682764081484,0.5922418293674402,7.17435551
669,1.0,1.0,7.31768942
670,1.0,1.0,7.35723114
671,0.9342342755233416,0.8096312195578864,7.33867598
672,1.0,1.0,7.33280277
673,1.0,1.0,7.3712101
674,0.9346512237598263,0.7735442123067953,6.90867901
675,1.0,1.0,7.33096409
676,1.0,1.0,7.37122393
677,1.0,1.0,7.32191849
678,1.0,1.0,7.29183245
679,0.9156265411764549,0.7363894005731569,7.06547976
680,1.0,1.0,7.31657648
681,1.0,1.0,7.33005524
682,0.9547674302124943,0.8349742863236933,6.89439487
683,1.0,1.0,7.35080433
684,1.0,1.0,7.30285406
685,0.46036906582176795,0.09725057922140923,5.07791805
686,0.9677625803830641,0.9209483503391412,7.28061628
687,1.0,1.0,7.32315588
688,0.862798588702009,0.5662054186061978,6.40563917
689,0.6960036610383851,0.5445231702835858,7.1493516
690,1.0,1.0,7.32614326
691,1.0,1.0,7.35227633
692,0.9164050175950706,0.681600740267718,6.61101723
693,1.0,1.0,7.31963253
694,1.0,1.0,7.35259342
695,0.9861488900289126,0.9686855536946859,7.28842974
696,1.0,1.0,7.25911474
697,0.5300346532620009,0.7104535296846188,6.57941389
698,0.9347943046529795,0.7847733551344823,6.89272118
699,1.0,1.0,7.32856417
700,0.9298154945404024,0.8330679335344013,7.36242199
701,1.0,1.0,7.37041807
702,1.0,1.0,7.31852007
703,0.6166615927452912,0.3489589327705701,6.21648598
704,0.7786609949324149,0.3767977178057684,5.88190317
705,1.0,1.0,7.31564903
706,0.8017894071246225,0.5526168771020668,7.10108852
707,1.0,1.0,7.32778406
708,1.0,1.0,7.31795645
709,1.0,1.0,7.40755129
710,0.9954602397780565,0.9940135238066884,7.48841047
711,1.0,1.0,7.31104231
712,0.5906020156885827,0.5557595419613578,6.91917324
713,0.9790907740002857,0.9551076768286435,7.42341757
714,1.0,1.0,7.32805395
715,1.0,1.0,7.39152527
716,0.9363789363080726,0.803534308226801,7.2400713
717,1.0,1.0,7.32554388
718,0.9193900495307613,0.7537452918182344,7.17562199
719,0.9896984344529519,0.981276790885068,7.38237238
720,1.0,1.0,7.32671499
721,1.0,1.0,7.37296772
722,0.9477900948145387,0.8400843745448698,7.31970024
723,1.0,1.0,7.33257055
724,1.0,1.0,7.35542345
725,0.9810414733026671,0.9657117012612122,7.37889051
726,1.0,1.0,7.31937885
727,0.8796102085656203,0.6708430157492747,7.23739481
728,1.0,1.0,7.36871481
729,1.0,1.0,7.32103682
730,0.6431577035261358,0.31935821644586315,6.08384705
731,0.9180985399089641,0.7401346463497941,7.12955713
732,1.0,1.0,7.30433989
733,1.0,1.0,7.3586235
734,1.0,1.0,7.34088182
735,1.0,1.0,7.32540512
736,0.9005795492115702,0.6279002747353575,6.47847223
737,1.0,1.0,7.35014248
738,1.0,1.0,7.32948446
739,0.6537656238163327,0.4571754175238989,6.90338659
740,1.0,1.0,7.35447502
741,1.0,1.0,7.28293705
742,1.0,1.0,7.39003801
743,0.9791193934752038,0.9545638954638754,7.43542624
744,1.0,1.0,7.32937002
745,0.871390655633598,0.6226033780302879,6.85280514
746,0.9026187936845378,0.7210741287085799,7.05636549
747,1.0,1.0,7.31990242
748,0.8785532294100032,0.5550329360628999,6.33722639
749,1.0,1.0,7.35961056
750,1.0,1.0,7.33286238
751,1.0,1.0,7.36883354
752,1.0,1.0,7.38087559
753,1.0,1.0,7.32045364
754,1.0,1.0,7.38579845
755,1.0,1.0,7.3830862
756,1.0,1.0,7.32106209
757,0.9895249452746848,0.982317625269961,7.4522047
758,1.0,1.0,7.37763166
759,1.0,1.0,7.32876635
760,1.0,1.0,7.35517693
761,0.9492486961448222,0.87028358100392,7.35572386
762,1.0,1.0,7.32912922
763,1.0,1.0,7.3961792
764,0.997526029591483,0.997243056275417,7.47055483
765,1.0,1.0,7.25667524
766,0.33285513172491354,0.37344546758347696,5.14728403
767,1.0,1.0,7.38144255
768,1.0,1.0,7.25901747
769,0.37265479251359535,0.4937858210153425,5.63482714
770,0.8834937788035477,0.7062067589827853,7.3795867
771,1.0,1.0,7.31819296
772,0.8762851040361326,0.7266378352227274,7.39883232
773,1.0,1.0,7.31693983
774,1.0,1.0,7.32775879
775,0.9733643038315923,0.9087340414231095,6.95782042
776,1.0,1.0,7.40351915
777,1.0,1.0,7.31574059
778,1.0,1.0,7.39862919
779,0.9515502640574875,0.8677354806906331,6.93911362
780,1.0,1.0,7.32767773
781,0.4184405467384518,0.24600169985765027,5.38901615
782,0.8181048509127566,0.4787100885838478,6.30748653
783,1.0,1.0,7.32845402
784,1.0,1.0,7.40125847
785,0.778263780287235,0.5501507985469103,7.1669302
786,1.0,1.0,7.32299709
787,0.819126464565905,0.6178620443667847,7.28934431
788,1.0,1.0,7.36752987
789,1.0,1.0,7.32714796
790,0.9776629177181335,0.9420573864378197,7.23991346
791,1.0,1.0,7.38241148
792,1.0,1.0,7.32821846
793,1.0,1.0,7.3866744
794,0.8985383256774039,0.6965967561018368,7.090518
795,1.0,1.0,7.31784964
796,1.0,1.0,7.30227184
797,0.8662452303962789,0.6250664849536851,6.54281044
798,1.0,1.0,7.4797616
799,1.0,1.0,7.57623148
800,1.0,1.0,7.47360182
801,1.0,1.0,7.56752729
802,1.0,1.0,7.46784782
803,1.0,1.0,7.55792332
804,1.0,1.0,7.49173546
805,1.0,1.0,7.51761532
806,1.0,1.0,7.48339224
807,1.0,1.0,7.50035381
808,1.0,1.0,7.44775724
809,1.0,1.0,7.49375725
810,1.0,1.0,7.43949652
811,1.0,1.0,7.45918131
812,1.0,1.0,7.4412384
813,1.0,1.0,7.42024326
814,1.0,1.0,7.44484901
815,0.9999447637104836,0.9999832285976411,7.36896563
816,1.0,1.0,7.43987465
817,0.9841383724689967,0.9948356923920378,7.32154608
818,1.0,1.0,7.43814945
819,0.9454985803731498,0.9809720656374212,7.24805546
820,1.0,1.0,7.4262557
821,0.8909324872275235,0.9591681822900094,7.1765461
822,1.0,1.0,7.42346907
823,0.8263892751249091,0.9303053679853172,7.08723116
824,1.0,1.0,7.41898584
825,0.7568852805745458,0.8953465601812813,6.97298098
826,1.0,1.0,7.40453577
827,0.6865390934743085,0.8553078022424401,6.83376694
828,1.0,1.0,7.39596319
829,0.6186161839764228,0.8112254418436851,6.6922574
830,1.0,1.0,7.39225912
831,0.5555824787158788,0.7641196030881687,6.5718832
832,1.0,1.0,7.38424873
833,0.49916623337632404,0.714954786098138,6.43158913
834,1.0,1.0,7.37088966
835,0.4504274797425163,0.6645987821962356,6.26610184
836,1.0,1.0,7.37247229
837,0.40983426276915047,0.6137814819405394,6.10291862
838,1.0,1.0,7.37003851
839,0.37734482727130736,0.5630556021101947,5.95289993
840,1.0,1.0,7.3668952
841,0.3524948650473636,0.5127618712249591,5.78274298
842,1.0,1.0,7.35494661
843,0.3344888919598976,0.4630017962987333,5.60295486
844,1.0,1.0,7.36029863
845,0.32229479104375447,0.4136217912031519,5.44060326
846,1.0,1.0,7.35583973
847,0.31474053234108135,0.36421318406489067,5.29856777
848,1.0,1.0,7.3424077
849,0.31061206307529343,0.31413344215628913,5.1493535
850,1.0,1.0,7.35067177
851,0.3087513530989179,0.2625548620979158,5.04404402
852,1.0,1.0,7.36074686
853,0.30815358034736995,0.2085479748274821,4.95401144
854,1.0,1.0,7.34705114
855,0.3080624492986389,0.1512080121692715,4.90302849
856,1.0,1.0,7.3288846
857,0.3080613168921932,0.08983222149574344,4.86123371
858,1.0,1.0,7.3347826
859,0.3080613168921932,0.024019970545843594,4.85890722
860,1.0,1.0,7.3277998
861,0.3080613168921932,0.08983222149574344,4.87785816
862,1.0,1.0,7.34435558
863,0.3080624492986389,0.1512080121692715,4.93991089
864,1.0,1.0,7.35892916
865,0.30815358034736995,0.2085479748274821,5.00555325
866,1.0,1.0,7.3489151
867,0.3087513530989179,0.2625548620979158,5.11036873
868,1.0,1.0,7.34092999
869,0.31061206307529343,0.31413344215628913,5.23679447
870,1.0,1.0,7.35419559
871,0.31474053234108135,0.36421318406489067,5.40532064
872,1.0,1.0,7.35912228
873,0.32229479104375447,0.4136217912031519,5.55358648
874,1.0,1.0,7.3536377
875,0.3344888919598976,0.4630017962987333,5.72273874
876,1.0,1.0,7.36508036
877,0.3524948650473636,0.5127618712249591,5.90408993
878,1.0,1.0,7.36825848
879,0.37734482727130736,0.5630556021101947,6.06695271
880,1.0,1.0,7.37133121
881,0.40983426276915047,0.6137814819405394,6.21162605
882,1.0,1.0,7.37004662
883,0.4504274797425163,0.6645987821962356,6.3670702
884,1.0,1.0,7.38387299
885,0.49916623337632404,0.714954786098138,6.52303553
886,1.0,1.0,7.39239407
887,0.5555824787158788,0.7641196030881687,6.65165663
888,1.0,1.0,7.39672184
889,0.6186161839764228,0.8112254418436851,6.78196383
890,1.0,1.0,7.40507507
891,0.6865390934743085,0.8553078022424401,6.91084433
892,1.0,1.0,7.41927767
893,0.7568852805745458,0.8953465601812813,7.03756952
894,1.0,1.0,7.42316437
895,0.8263892751249091,0.9303053679853172,7.14271927
896,1.0,1.0,7.42681599
897,0.8909324872275235,0.9591681822900094,7.22257948
898,1.0,1.0,7.43836498
899,0.9454985803731498,0.9809720656374212,7.2841897
900,1.0,1.0,7.4401412
901,0.9841383724689967,0.9948356923920378,7.35028028
902,1.0,1.0,7.44527864
903,0.9999447637104836,0.9999832285976411,7.39223957
904,1.0,1.0,7.44139576
905,1.0,1.0,7.4383316
906,1.0,1.0,7.43931341
907,1.0,1.0,7.47310305
908,1.0,1.0,7.44768333
909,1.0,1.0,7.50485325
910,1.0,1.0,7.48393726
911,1.0,1.0,7.50941801
912,1.0,1.0,7.4913702
913,1.0,1.0,7.5241313
914,1.0,1.0,7.4674592
915,1.0,1.0,7.56316662
916,1.0,1.0,7.47330475
917,1.0,1.0,7.57174969
918,1.0,1.0,7.47974348
919,1.0,1.0,7.57912397
920,1.0,1.0,7.50172806
921,1.0,1.0,7.5707202
922,1.0,1.0,7.4960103
923,1.0,1.0,7.56806946
924,1.0,1.0,7.49304342
925,1.0,1.0,7.56435013
926,1.0,1.0,7.49259138
927,1.0,1.0,7.54964066
928,1.0,1.0,7.49497366
929,1.0,1.0,7.55146646
930,1.0,1.0,7.48398638
931,1.0,1.0,7.55257273
932,1.0,1.0,7.46859789
933,1.0,1.0,7.53242159
934,1.0,1.0,7.46926641
935,1.0,1.0,7.52182484
936,1.0,1.0,7.47089338
937,1.0,1.0,7.51742935
938,1.0,1.0,7.45903826
939,1.0,1.0,7.49762249
940,1.0,1.0,7.46089792
941,1.0,1.0,7.47456598
942,1.0,1.0,7.46438122
943,1.0,1.0,7.45294428
944,1.0,1.0,7.45792294
945,0.9980645767521731,0.9991376398384741,7.41070938
946,1.0,1.0,7.45086861
947,0.9648251006167593,0.9831939724880181,7.3551383
948,1.0,1.0,7.43507671
949,0.9024867957474159,0.9500408422239698,7.27885008
950,1.0,1.0,7.4376359
951,0.8243886591700752,0.9035230169196635,7.190588
952,1.0,1.0,7.45159626
953,0.7409922565970182,0.8474179737023954,7.06501245
954,1.0,1.0,7.40157032
955,0.6601092729124546,0.7852914095797385,6.94959307
956,1.0,1.0,7.40327883
957,0.5871568855843987,0.7203501281677974,6.78093386
958,1.0,1.0,7.39253664
959,0.5254380429605697,0.6552994519941908,6.62719679
960,1.0,1.0,7.39667606
961,0.47644352274344914,0.5922142316127426,6.4727335
962,1.0,1.0,7.38378143
963,0.44017246584391023,0.5324347167869348,6.29732752
964,1.0,1.0,7.38049603
965,0.4154679286884482,0.4765010420414122,6.11142492
966,1.0,1.0,7.38430691
967,0.40036387408551666,0.4241428794991293,5.91495562
968,1.0,1.0,7.38654804
969,0.39243992789567417,0.37434394616963396,5.73328495
970,1.0,1.0,7.3703866
971,0.3891801667147985,0.3255045399578642,5.54358149
972,1.0,1.0,7.37443304
973,0.38833217104372453,0.2757291366561774,5.3738203
974,1.0,1.0,7.36521864
975,0.3882625792092915,0.22327032549847026,5.25016356
976,1.0,1.0,7.37993765
977,0.3882625776381413,0.16710669126221533,5.15568638
978,1.0,1.0,7.36434269
979,0.3882625776381413,0.10688198902186197,5.0888772
980,1.0,1.0,7.36998081
981,0.3882625776381413,0.04230256965043011,5.07858276
982,1.0,1.0,7.36329556
983,0.3882625776381413,0.10688198902186197,5.11230373
984,1.0,1.0,7.37802935
985,0.3882625776381413,0.16710669126221533,5.20459461
986,1.0,1.0,7.36445379
987,0.3882625792092915,0.22327032549847026,5.32811213
988,1.0,1.0,7.37409592
989,0.38833217104372453,0.2757291366561774,5.47299147
990,1.0,1.0,7.36991596
991,0.3891801667147985,0.3255045399578642,5.65676117
992,1.0,1.0,7.38587904
993,0.39243992789567417,0.37434394616963396,5.85257912
994,1.0,1.0,7.38359594
995,0.40036387408551666,0.4241428794991293,6.03363276
996,1.0,1.0,7.37984085
997,0.4154679286884482,0.4765010420414122,6.2237854
998,1.0,1.0,7.38312531
999,0.44017246584391023,0.5324347167869348,6.40136003
1000,1.0,1.0,7.39642286
1001,0.47644352274344914,0.5922142316127426,6.56498623
1002,1.0,1.0,7.3926115
1003,0.5254380429605697,0.6552994519941908,6.70894623
1004,1.0,1.0,7.40381098
1005,0.5871568855843987,0.7203501281677974,6.86603308
1006,1.0,1.0,7.40190172
1007,0.6601092729124546,0.7852914095797385,7.0191021
1008,1.0,1.0,7.45233059
1009,0.7409922565970182,0.8474179737023954,7.1219182
1010,1.0,1.0,7.43746424
1011,0.8243886591700752,0.9035230169196635,7.23535395
1012,1.0,1.0,7.43497849
1013,0.9024867957474159,0.9500408422239698,7.31272793
1014,1.0,1.0,7.45088148
1015,0.9648251006167593,0.9831939724880181,7.38153553
1016,1.0,1.0,7.45803881
1017,0.9980645767521731,0.9991376398384741,7.43135357
1018,1.0,1.0,7.46352291
1019,1.0,1.0,7.46770287
1020,1.0,1.0,7.4604702
1021,1.0,1.0,7.48571348
1022,1.0,1.0,7.45873117
1023,1.0,1.0,7.50581408
1024,1.0,1.0,7.47042561
1025,1.0,1.0,7.52361345
1026,1.0,1.0,7.46862125
1027,1.0,1.0,7.52674675
1028,1.0,1.0,7.46796179
1029,1.0,1.0,7.53581238
1030,1.0,1.0,7.48313475
1031,1.0,1.0,7.55529499
1032,1.0,1.0,7.49386311
1033,1.0,1.0,7.55289221
1034,1.0,1.0,7.49355888
1035,1.0,1.0,7.55163527
1036,1.0,1.0,7.49279356
1037,1.0,1.0,7.56625128
1038,1.0,1.0,7.49564075
1039,1.0,1.0,7.56941128
1040,1.0,1.0,7.50099802
1041,1.0,1.0,7.57178211
1042,1.0,1.0,7.52118015
1043,1.0,1.0,7.56287241
1044,1.0,1.0,7.50969458
1045,1.0,1.0,7.56061697
1046,1.0,1.0,7.51781893
1047,1.0,1.0,7.55410624
1048,1.0,1.0,7.49304247
1049,1.0,1.0,7.57284451
1050,1.0,1.0,7.49863148
1051,1.0,1.0,7.56386948
1052,1.0,1.0,7.50720739
1053,1.0,1.0,7.53660727
1054,1.0,1.0,7.48997736
1055,1.0,1.0,7.53616619
1056,1.0,1.0,7.49036741
1057,1.0,1.0,7.52922964
1058,1.0,1.0,7.48661184
1059,1.0,1.0,7.5277791
1060,1.0,1.0,7.48426533
1061,1.0,1.0,7.51185465
1062,1.0,1.0,7.48404837
1063,1.0,1.0,7.50910616
1064,1.0,1.0,7.47953606
1065,1.0,1.0,7.50284719
1066,1.0,1.0,7.48489571
1067,1.0,1.0,7.48770285
1068,1.0,1.0,7.47610044
1069,1.0,1.0,7.46116877
1070,1.0,1.0,7.44887638
1071,0.9999448097301147,0.9999687854059119,7.43963814
1072,1.0,1.0,7.45597649
1073,0.9677581041533371,0.9804460176335394,7.38600874
1074,1.0,1.0,7.44837809
1075,0.8953218824511311,0.9319246274027919,7.32946205
1076,1.0,1.0,7.44512367
1077,0.8053310533156018,0.8642467372004822,7.23069859
1078,1.0,1.0,7.42237854
1079,0.7141508485438796,0.7862481021386016,7.13069677
1080,1.0,1.0,7.41932201
1081,0.632568994453433,0.7053758463707256,6.99712706
1082,1.0,1.0,7.4141016
1083,0.5666060683532934,0.6273553871582214,6.84518623
1084,1.0,1.0,7.40241003
1085,0.518375130569494,0.5559412828451491,6.65504789
1086,1.0,1.0,7.39769173
1087,0.48698131472279416,0.49279426724070285,6.48653412
1088,1.0,1.0,7.40446377
1089,0.46945172981415717,0.4375352014608693,6.29007387
1090,1.0,1.0,7.39892721
1091,0.46168577974940206,0.38803614512421125,6.07887554
1092,1.0,1.0,7.39593506
1093,0.45941584115012124,0.34101927941297694,5.88262033
1094,1.0,1.0,7.38769865
1095,0.45916815992016724,0.2930460587905557,5.69514561
1096,1.0,1.0,7.38160372
1097,0.4591678669602205,0.24192734745508437,5.53682709
1098,1.0,1.0,7.38449478
1099,0.4591678669602206,0.18711276400592725,5.39785814
1100,1.0,1.0,7.39462757
1101,0.4591678669602206,0.1283346573395414,5.3146081
1102,1.0,1.0,7.39993382
1103,0.4591678669602205,0.06530643371925693,5.29913807
1104,1.0,1.0,7.3936882
1105,0.4591678669602206,0.1283346573395414,5.35068798
1106,1.0,1.0,7.38426971
1107,0.4591678669602206,0.18711276400592725,5.46127558
1108,1.0,1.0,7.38115644
1109,0.4591678669602205,0.24192734745508437,5.62971115
1110,1.0,1.0,7.38746834
1111,0.45916815992016724,0.2930460587905557,5.80675602
1112,1.0,1.0,7.39548683
1113,0.45941584115012124,0.34101927941297694,6.00011683
1114,1.0,1.0,7.39841413
1115,0.46168577974940206,0.38803614512421125,6.1916256
1116,1.0,1.0,7.40378428
1117,0.46945172981415717,0.4375352014608693,6.39298868
1118,1.0,1.0,7.39753962
1119,0.48698131472279416,0.49279426724070285,6.57709789
1120,1.0,1.0,7.40261412
1121,0.518375130569494,0.5559412828451491,6.74213743
1122,1.0,1.0,7.41478968
1123,0.5666060683532934,0.6273553871582214,6.92601395
1124,1.0,1.0,7.4194212
1125,0.632568994453433,0.7053758463707256,7.06059313
1126,1.0,1.0,7.42289734
1127,0.7141508485438796,0.7862481021386016,7.1804347
1128,1.0,1.0,7.44557571
1129,0.8053310533156018,0.8642467372004822,7.26930714
1130,1.0,1.0,7.44803143
1131,0.8953218824511311,0.9319246274027919,7.35846424
1132,1.0,1.0,7.45624113
1133,0.9677581041533371,0.9804460176335394,7.40719414
1134,1.0,1.0,7.44871664
1135,0.9999448097301147,0.9999687854059119,7.45458984
1136,1.0,1.0,7.47651815
1137,1.0,1.0,7.47210121
1138,1.0,1.0,7.48494577
1139,1.0,1.0,7.49553871
1140,1.0,1.0,7.47972727
1141,1.0,1.0,7.50868988
1142,1.0,1.0,7.48390532
1143,1.0,1.0,7.51325083
1144,1.0,1.0,7.4838624
1145,1.0,1.0,7.51527119
1146,1.0,1.0,7.48597097
1147,1.0,1.0,7.53126192
1148,1.0,1.0,7.4897933
1149,1.0,1.0,7.53143454
1150,1.0,1.0,7.48954058
1151,1.0,1.0,7.53799009
1152,1.0,1.0,7.50600529
1153,1.0,1.0,7.53815508
1154,1.0,1.0,7.49700832
1155,1.0,1.0,7.56587791
1156,1.0,1.0,7.49127817
1157,1.0,1.0,7.57453346
1158,1.0,1.0,7.51653194
1159,1.0,1.0,7.55532026
1160,1.0,1.0,7.50884008
1161,1.0,1.0,7.56179237
1162,1.0,1.0,7.52085543
1163,1.0,1.0,7.56341171
1164,1.0,1.0,7.52745771
1165,1.0,1.0,7.56338596
1166,1.0,1.0,7.52057076
1167,1.0,1.0,7.5633769
1168,1.0,1.0,7.52492237
1169,1.0,1.0,7.55270672
1170,1.0,1.0,7.51184797
1171,1.0,1.0,7.56140518
1172,1.0,1.0,7.50623131
1173,1.0,1.0,7.55692482
1174,1.0,1.0,7.51009703
1175,1.0,1.0,7.53644514
1176,1.0,1.0,7.49208546
1177,1.0,1.0,7.53087807
1178,1.0,1.0,7.49801922
1179,1.0,1.0,7.53140259
1180,1.0,1.0,7.49398899
1181,1.0,1.0,7.52367783
1182,1.0,1.0,7.48588657
1183,1.0,1.0,7.52668953
1184,1.0,1.0,7.49330616
1185,1.0,1.0,7.51414347
1186,1.0,1.0,7.48374319
1187,1.0,1.0,7.51482773
1188,1.0,1.0,7.48099566
1189,1.0,1.0,7.51669979
1190,1.0,1.0,7.47155571
1191,1.0,1.0,7.49645901
1192,1.0,1.0,7.47471428
1193,1.0,1.0,7.48333597
1194,1.0,1.0,7.45748711
1195,1.0,1.0,7.45077801
1196,1.0,1.0,7.47361946
1197,0.9875807561646244,0.9911319872193126,7.40691471
1198,1.0,1.0,7.44981337
1199,0.9199883295054303,0.938736194715275,7.37789249
1200,1.0,1.0,7.43058348
1201,0.8253269675306123,0.8565845415712734,7.3050642
1202,1.0,1.0,7.42827034
1203,0.7294753644476422,0.7618248756602239,7.21607733
1204,1.0,1.0,7.41381502
1205,0.6479883928690355,0.667672685162526,7.10026693
1206,1.0,1.0,7.4249177
1207,0.5879825696687808,0.5828962271403105,6.94155121
1208,1.0,1.0,7.40698433
1209,0.5501086306351145,0.5116224797588769,6.76835632
1210,1.0,1.0,7.41053057
1211,0.5305900050759381,0.45358852569493124,6.5753746
1212,1.0,1.0,7.40051317
1213,0.5233054399105002,0.4049860490071766,6.36564302
1214,1.0,1.0,7.40735626
1215,0.5218936640317209,0.36007227532020347,6.16490412
1216,1.0,1.0,7.39963102
1217,0.5218546627423153,0.31374451805773584,5.96810913
1218,1.0,1.0,7.39444542
1219,0.5218546627423153,0.2641228778942406,5.78843737
1220,1.0,1.0,7.39019299
1221,0.5218546627423153,0.21091320493930332,5.62696266
1222,1.0,1.0,7.41341734
1223,0.5218546627423153,0.15385605635161492,5.52753782
1224,1.0,1.0,7.41888952
1225,0.5218546627423153,0.0926732295428706,5.51174641
1226,1.0,1.0,7.41207314
1227,0.5218546627423153,0.15385605635161492,5.57048941
1228,1.0,1.0,7.39077377
1229,0.5218546627423153,0.21091320493930332,5.70117331
1230,1.0,1.0,7.39460564
1231,0.5218546627423153,0.2641228778942406,5.89047432
1232,1.0,1.0,7.39927435
1233,0.5218546627423153,0.31374451805773584,6.07848597
1234,1.0,1.0,7.40703917
1235,0.5218936640317209,0.36007227532020347,6.27305269
1236,1.0,1.0,7.40044022
1237,0.5233054399105002,0.4049860490071766,6.46453142
1238,1.0,1.0,7.41034746
1239,0.5305900050759381,0.45358852569493124,6.65898466
1240,1.0,1.0,7.40664387
1241,0.5501086306351145,0.5116224797588769,6.856318
1242,1.0,1.0,7.42511606
1243,0.5879825696687808,0.5828962271403105,7.01281404
1244,1.0,1.0,7.4143486
1245,0.6479883928690355,0.667672685162526,7.15428972
1246,1.0,1.0,7.4289608
1247,0.7294753644476422,0.7618248756602239,7.25670147
1248,1.0,1.0,7.43091917
1249,0.8253269675306123,0.8565845415712734,7.33451033
1250,1.0,1.0,7.44979191
1251,0.9199883295054303,0.938736194715275,7.39969158
1252,1.0,1.0,7.47348738
1253,0.9875807561646244,0.9911319872193126,7.42275476
1254,1.0,1.0,7.45735931
1255,1.0,1.0,7.46161175
1256,1.0,1.0,7.47506523
1257,1.0,1.0,7.49170971
1258,1.0,1.0,7.47166967
1259,1.0,1.0,7.50204945
1260,1.0,1.0,7.4805398
1261,1.0,1.0,7.52112341
1262,1.0,1.0,7.48350382
1263,1.0,1.0,7.51905107
1264,1.0,1.0,7.49313688
1265,1.0,1.0,7.51708794
1266,1.0,1.0,7.48533154
1267,1.0,1.0,7.5290451
1268,1.0,1.0,7.49371195
1269,1.0,1.0,7.5254159
1270,1.0,1.0,7.49623442
1271,1.0,1.0,7.53305054
1272,1.0,1.0,7.4913187
1273,1.0,1.0,7.53248119
1274,1.0,1.0,7.50931597
1275,1.0,1.0,7.53774881
1276,1.0,1.0,7.50573301
1277,1.0,1.0,7.55843782
1278,1.0,1.0,7.51067162
1279,1.0,1.0,7.5620575
1280,1.0,1.0,7.52392912
1281,1.0,1.0,7.55353642
1282,1.0,1.0,7.51949644
1283,1.0,1.0,7.56399012
1284,1.0,1.0,7.52702665
1285,1.0,1.0,7.56394434
1286,1.0,1.0,7.53335524
1287,1.0,1.0,7.56699276
1288,1.0,1.0,7.53040695
1289,1.0,1.0,7.55820847
1290,1.0,1.0,7.52339745
1291,1.0,1.0,7.56231928
1292,1.0,1.0,7.53442717
1293,1.0,1.0,7.53554916
1294,1.0,1.0,7.52401972
1295,1.0,1.0,7.52352285
1296,1.0,1.0,7.50825214
1297,1.0,1.0,7.54320192
1298,1.0,1.0,7.51200438
1299,1.0,1.0,7.53622341
1300,1.0,1.0,7.50206661
1301,1.0,1.0,7.52620888
1302,1.0,1.0,7.4896121
1303,1.0,1.0,7.5243516
1304,1.0,1.0,7.49198532
1305,1.0,1.0,7.52111149
1306,1.0,1.0,7.48829794
1307,1.0,1.0,7.52095842
1308,1.0,1.0,7.48853016
1309,1.0,1.0,7.51190948
1310,1.0,1.0,7.48225069
1311,1.0,1.0,7.5052762
1312,1.0,1.0,7.48058748
1313,1.0,1.0,7.50028753
1314,1.0,1.0,7.48916578
1315,1.0,1.0,7.48319817
1316,1.0,1.0,7.46588421
1317,1.0,1.0,7.47637367
1318,1.0,1.0,7.45188046
1319,1.0,1.0,7.45808744
1320,1.0,1.0,7.45852041
1321,0.9880893145187799,0.9900404902482893,7.42397785
1322,1.0,1.0,7.45891094
1323,0.9141373518375874,0.9230116595965645,7.39162588
1324,1.0,1.0,7.44275904
1325,0.8142272812547178,0.8213832879946843,7.3475771
1326,1.0,1.0,7.42903328
1327,0.7206492755549105,0.7119887645583196,7.25284958
1328,1.0,1.0,7.43032646
1329,0.6497723965168334,0.612805236621651,7.13179493
1330,1.0,1.0,7.42567301
1331,0.6058070047929396,0.532687411950203,6.98529959
1332,1.0,1.0,7.41958904
1333,0.5846920478163602,0.4720554650007981,6.79681301
1334,1.0,1.0,7.41567993
1335,0.5780656802620356,0.42484833921294474,6.58215714
1336,1.0,1.0,7.41150761
1337,0.5772769911648389,0.38210755097796945,6.38757515
1338,1.0,1.0,7.40027857
1339,0.5772755545121255,0.3374268411307535,6.18874693
1340,1.0,1.0,7.39487696
1341,0.5772755545121255,0.28951761820061717,5.98113489
1342,1.0,1.0,7.39368153
1343,0.5772755545121255,0.23814418364184575,5.82233715
1344,1.0,1.0,7.41567421
1345,0.5772755545121255,0.18305604785195018,5.71403313
1346,1.0,1.0,7.43962002
1347,0.5772755545121255,0.123984608870506,5.68417549
1348,1.0,1.0,7.41619444
1349,0.5772755545121255,0.18305604785195018,5.75853014
1350,1.0,1.0,7.39504862
1351,0.5772755545121255,0.23814418364184575,5.90608025
1352,1.0,1.0,7.39553452
1353,0.5772755545121255,0.28951761820061717,6.0836277
1354,1.0,1.0,7.40000725
1355,0.5772755545121255,0.3374268411307535,6.29553938
1356,1.0,1.0,7.41203976
1357,0.5772769911648389,0.38210755097796945,6.48553944
1358,1.0,1.0,7.41627264
1359,0.5780656802620356,0.42484833921294474,6.66519308
1360,1.0,1.0,7.41993284
1361,0.5846920478163602,0.4720554650007981,6.88324547
1362,1.0,1.0,7.42563534
1363,0.6058070047929396,0.532687411950203,7.05128384
1364,1.0,1.0,7.4302516
1365,0.6497723965168334,0.612805236621651,7.18087721
1366,1.0,1.0,7.42940331
1367,0.7206492755549105,0.7119887645583196,7.28930187
1368,1.0,1.0,7.44326925
1369,0.8142272812547178,0.8213832879946843,7.37348557
1370,1.0,1.0,7.45970774
1371,0.9141373518375874,0.9230116595965645,7.41030312
1372,1.0,1.0,7.45874357
1373,0.9880893145187799,0.9900404902482893,7.43729877
1374,1.0,1.0,7.45210075
1375,1.0,1.0,7.46751547
1376,1.0,1.0,7.46581125
1377,1.0,1.0,7.48323536
1378,1.0,1.0,7.48909712
1379,1.0,1.0,7.48850918
1380,1.0,1.0,7.48076296
1381,1.0,1.0,7.50371838
1382,1.0,1.0,7.48313236
1383,1.0,1.0,7.50845861
1384,1.0,1.0,7.48821115
1385,1.0,1.0,7.5137043
1386,1.0,1.0,7.48829365
1387,1.0,1.0,7.52254248
1388,1.0,1.0,7.49097443
1389,1.0,1.0,7.52275467
1390,1.0,1.0,7.48897552
1391,1.0,1.0,7.52577639
1392,1.0,1.0,7.50149298
1393,1.0,1.0,7.52720642
1394,1.0,1.0,7.51140738
1395,1.0,1.0,7.53708506
1396,1.0,1.0,7.50812578
1397,1.0,1.0,7.54367208
1398,1.0,1.0,7.5243206
1399,1.0,1.0,7.52398825
1400,1.0,1.0,7.53377819
1401,1.0,1.0,7.53536129
1402,1.0,1.0,7.5230422
1403,1.0,1.0,7.56212997
1404,1.0,1.0,7.5300293
1405,1.0,1.0,7.55811882
1406,1.0,1.0,7.53317928
1407,1.0,1.0,7.56672239
1408,1.0,1.0,7.4523468
1409,0.6529930246626765,0.18118740044816117,6.03850603
1410,1.0,1.0,7.43553495
1411,0.6529930246626765,0.2878924870582702,6.25895786
1412,1.0,1.0,7.41623306
1413,0.6529930246626765,0.4224532502337105,6.80340624
1414,1.0,1.0,7.44550419
1415,0.8189398038329018,0.7874434202440825,7.41978168
1416,1.0,1.0,7.70023012
1417,1.0,1.0,7.72957134
1418,1.0,1.0,7.45723677
1419,0.7337565502020609,0.2682700900405288,6.21452332
1420,1.0,1.0,7.40439081
1421,0.7337565502020609,0.4065387269148929,6.63458586
1422,1.0,1.0,7.40199327
1423,0.7337892192944961,0.5187390018858056,7.18579817
1424,1.0,1.0,7.40470076
1425,0.7620062029836306,0.6258190121392764,7.36216021
1426,1.0,1.0,7.41351128
1427,0.8230494835673448,0.7405531278679645,7.40769482
1428,1.0,1.0,7.47331285
1429,1.0,1.0,7.52480078
1430,1.0,1.0,7.68613148
1431,1.0,1.0,7.74985552
1432,1.0,1.0,7.46019936
1433,0.8088145485795188,0.38616996241007284,6.39994764
1434,1.0,1.0,7.39923334
1435,0.8088145485795188,0.46616236526362387,6.64550638
1436,1.0,1.0,7.38361597
1437,0.8088145485795188,0.5357304093819699,7.05550957
1438,1.0,1.0,7.39115858
1439,0.8113681432915424,0.6284887121812166,7.37663317
1440,1.0,1.0,7.40591097
1441,0.9841974080633171,0.9747578190185072,7.45374918
1442,1.0,1.0,7.42745066
1443,1.0,1.0,7.47448874
1444,1.0,1.0,7.48167515
1445,0.8627125780461695,0.5047901016851374,6.53849316
1446,1.0,1.0,7.40901566
1447,0.8627125780461696,0.5381830780957535,6.69162607
1448,1.0,1.0,7.4146719
1449,0.8627125780461695,0.5693243004978912,6.82947588
1450,1.0,1.0,7.38846731
1451,0.8627125780461695,0.5983656090885194,7.08779907
1452,1.0,1.0,7.39882183
1453,0.8627125780461695,0.6254486051817638,7.21206665
1454,1.0,1.0,7.41290426
1455,0.8877874687927564,0.7684503494806587,7.45958614
1456,1.0,1.0,7.53222513
1457,0.9014159493481732,0.6157849717656892,6.68958282
1458,1.0,1.0,7.33855963
1459,0.9014159493481732,0.7093994380463882,7.11985397
1460,1.0,1.0,7.34756279
1461,0.9014159493481732,0.7289952048984811,7.24351978
1462,1.0,1.0,7.36089659
1463,0.9014159493481732,0.747269590690811,7.31758261
1464,1.0,1.0,7.44279051
1465,0.9819611581863326,0.962493972415981,7.42407846
1466,1.0,1.0,7.4527688
1467,0.9292082631853166,0.7133161488412897,6.79319382
1468,1.0,1.0,7.39982271
1469,0.9494155195381142,0.882812265078694,7.43748713
1470,1.0,1.0,7.4132781
1471,0.94916550934858,0.7942802618467484,6.87741995
1472,1.0,1.0,7.31802702
1473,0.94916550934858,0.8081523479797672,6.95839691
1474,1.0,1.0,7.27723598
1475,0.94916550934858,0.8444041301897567,7.32785082
1476,1.0,1.0,7.43873167
1477,0.9634965102416684,0.8580313192191819,7.01481533
1478,1.0,1.0,7.37323952
1479,0.9634965102416684,0.876532231866264,7.08049536
1480,1.0,1.0,7.469522
1481,0.9737873882975672,0.9057778561533087,7.05552101
1482,1.0,1.0,7.41372108
1483,0.9737873882975672,0.9335407235251967,7.42320585
1484,1.0,1.0,7.44961691
1485,0.9811771143851885,0.9398608525233381,7.11744308
1486,1.0,1.0,7.43418789
1487,0.9811771143851885,0.9476979973641321,7.18032932
1488,1.0,1.0,7.39433336
1489,0.985654694959653,0.9594458665471841,7.12974787
1490,1.0,1.0,7.47429705
1491,0.985654694959653,0.9671090284267537,7.38448048
1492,1.0,1.0,7.46419287
1493,0.985654694959653,0.9713952765528013,7.51326609
1494,1.0,1.0,7.40092897
1495,0.9921078620451275,0.9822803949021265,7.22237682
1496,1.0,1.0,7.50444698
1497,0.9921078620451275,0.9834752626885985,7.24513388
1498,1.0,1.0,7.48327446
1499,0.9921078620451275,0.9856287145614536,7.38461351
1500,1.0,1.0,7.43314028
1501,0.9999999501513105,0.9999999327214184,7.18332148
